geo,time,weekly_icu_admissions
cyp,20200322,6
cyp,20200329,17
cyp,20200405,9
cyp,20200412,9
cyp,20200419,4
cyp,20200426,2
cyp,20200503,1
cyp,20200510,2
cyp,20200802,1
cyp,20200809,1
cyp,20200823,1
cyp,20200913,1
cyp,20200927,2
cyp,20201004,4
cyp,20201018,3
cyp,20201025,4
cyp,20201101,4
cyp,20201108,6
cyp,20201115,13
cyp,20201122,6
cyp,20201129,8
cyp,20201206,10
cyp,20201213,8
cyp,20201220,15
cyp,20201227,21
cyp,20210103,13
cyp,20210110,22
cyp,20210117,27
cyp,20210124,16
cyp,20210131,9
cyp,20210207,7
cyp,20210214,11
cyp,20210221,10
cyp,20210228,3
cyp,20210307,9
cyp,20210314,24
cyp,20210321,18
cyp,20210328,24
cyp,20210404,21
cyp,20210411,24
cyp,20210418,27
cyp,20210425,24
cyp,20210502,22
cyp,20210509,18
cyp,20210516,16
cyp,20210523,13
cyp,20210530,5
cyp,20210606,1
cyp,20210613,5
cyp,20210620,8
cyp,20210627,2
cyp,20210704,11
cyp,20210711,10
cyp,20210718,22
cyp,20210725,26
cyp,20210801,31
cyp,20210808,31
cyp,20210815,31
cyp,20210822,19
cyp,20210829,11
cyp,20210905,9
cyp,20210912,14
cyp,20210919,13
cyp,20210926,15
cyp,20211003,5
cyp,20211010,4
cyp,20211017,6
cyp,20211024,7
cyp,20211031,9
cyp,20211107,5
cyp,20211114,12
cyp,20211121,9
cyp,20211128,13
cyp,20211205,16
cyp,20211212,15
cze,20200106,0
cze,20200118,0
cze,20200212,0
cze,20200301,0
cze,20200308,0
cze,20200315,0
cze,20200322,29
cze,20200329,89
cze,20200405,128
cze,20200412,146
cze,20200419,130
cze,20200426,118
cze,20200503,78
cze,20200510,61
cze,20200517,47
cze,20200524,32
cze,20200531,21
cze,20200607,17
cze,20200614,16
cze,20200621,14
cze,20200628,16
cze,20200705,18
cze,20200712,23
cze,20200719,18
cze,20200726,18
cze,20200802,22
cze,20200809,29
cze,20200816,32
cze,20200823,41
cze,20200830,58
cze,20200906,76
cze,20200913,101
cze,20200920,180
cze,20200927,291
cze,20201004,427
cze,20201011,698
cze,20201018,973
cze,20201025,1420
cze,20201101,1788
cze,20201108,2019
cze,20201115,1858
cze,20201122,1637
cze,20201129,1412
cze,20201206,1227
cze,20201213,1208
cze,20201220,1253
cze,20201227,1390
cze,20210103,1709
cze,20210110,1962
cze,20210117,2012
cze,20210124,1868
cze,20210131,1777
cze,20210207,1873
cze,20210214,1929
cze,20210221,2129
cze,20210228,2432
cze,20210307,2808
cze,20210314,2998
cze,20210321,2968
cze,20210328,2794
cze,20210404,2443
cze,20210411,2083
cze,20210418,1699
cze,20210425,1374
cze,20210502,1054
cze,20210509,794
cze,20210516,592
cze,20210523,403
cze,20210530,238
cze,20210606,149
cze,20210613,80
cze,20210620,53
cze,20210627,25
cze,20210704,22
cze,20210711,16
cze,20210718,19
cze,20210725,20
cze,20210801,21
cze,20210808,27
cze,20210815,29
cze,20210822,37
cze,20210829,30
cze,20210905,26
cze,20210912,42
cze,20210919,67
cze,20210926,69
cze,20211003,81
cze,20211010,123
cze,20211017,179
cze,20211024,273
cze,20211031,401
cze,20211107,658
cze,20211114,915
cze,20211121,1240
cze,20211128,1501
cze,20211205,1632
cze,20211212,1613
deu,20200326,0
deu,20200327,0
deu,20200328,0
deu,20200329,0
deu,20200330,0
deu,20200331,0
deu,20200401,0
deu,20200402,0
deu,20200403,0
deu,20200404,0
deu,20200405,0
deu,20200406,0
deu,20200407,0
deu,20200408,0
deu,20200409,0
deu,20200410,0
deu,20200411,0
deu,20200412,0
deu,20200413,0
deu,20200414,0
deu,20200415,0
deu,20200416,0
deu,20200417,0
deu,20200418,0
deu,20200419,0
deu,20200420,0
deu,20200421,0
deu,20200422,0
deu,20200423,0
deu,20200424,0
deu,20200425,0
deu,20200426,0
deu,20200427,0
deu,20200428,0
deu,20200429,0
deu,20200430,0
deu,20200501,0
deu,20200502,0
deu,20200503,0
deu,20200504,0
deu,20200505,0
deu,20200506,0
deu,20200507,0
deu,20200508,0
deu,20200509,0
deu,20200510,0
deu,20200511,0
deu,20200512,0
deu,20200513,0
deu,20200514,0
deu,20200515,0
deu,20200516,0
deu,20200517,0
deu,20200518,0
deu,20200519,0
deu,20200520,0
deu,20200521,0
deu,20200522,0
deu,20200523,0
deu,20200524,0
deu,20200525,0
deu,20200526,0
deu,20200527,0
deu,20200528,0
deu,20200529,0
deu,20200530,0
deu,20200531,0
deu,20200601,0
deu,20200602,0
deu,20200603,0
deu,20200604,0
deu,20200605,0
deu,20200606,0
deu,20200607,0
deu,20200608,0
deu,20200609,0
deu,20200610,0
deu,20200611,0
deu,20200612,0
deu,20200613,0
deu,20200614,0
deu,20200615,0
deu,20200616,0
deu,20200617,0
deu,20200618,0
deu,20200619,0
deu,20200620,0
deu,20200621,0
deu,20200622,0
deu,20200623,0
deu,20200624,0
deu,20200625,0
deu,20200626,0
deu,20200627,0
deu,20200628,0
deu,20200629,0
deu,20200630,0
deu,20200701,0
deu,20200702,0
deu,20200703,0
deu,20200704,0
deu,20200705,0
deu,20200706,0
deu,20200707,0
deu,20200708,0
deu,20200709,0
deu,20200710,0
deu,20200711,0
deu,20200712,0
deu,20200713,0
deu,20200714,0
deu,20200715,0
deu,20200716,0
deu,20200717,0
deu,20200718,0
deu,20200719,0
deu,20200720,0
deu,20200721,0
deu,20200722,0
deu,20200723,0
deu,20200724,0
deu,20200725,0
deu,20200726,0
deu,20200727,0
deu,20200728,0
deu,20200729,0
deu,20200730,0
deu,20200731,0
deu,20200801,0
deu,20200802,0
deu,20200803,0
deu,20200804,0
deu,20200805,0
deu,20200806,0
deu,20200807,0
deu,20200808,0
deu,20200809,0
deu,20200810,0
deu,20200811,0
deu,20200812,0
deu,20200813,0
deu,20200814,0
deu,20200815,0
deu,20200816,0
deu,20200817,0
deu,20200818,0
deu,20200819,0
deu,20200820,0
deu,20200821,0
deu,20200822,0
deu,20200823,0
deu,20200824,0
deu,20200825,0
deu,20200826,0
deu,20200827,0
deu,20200828,0
deu,20200829,0
deu,20200830,0
deu,20200831,0
deu,20200901,0
deu,20200902,0
deu,20200903,0
deu,20200904,0
deu,20200905,0
deu,20200906,0
deu,20200907,0
deu,20200908,0
deu,20200909,0
deu,20200910,0
deu,20200911,0
deu,20200912,0
deu,20200913,0
deu,20200914,0
deu,20200915,0
deu,20200916,0
deu,20200917,0
deu,20200918,0
deu,20200919,0
deu,20200920,0
deu,20200921,0
deu,20200922,0
deu,20200923,0
deu,20200924,0
deu,20200925,0
deu,20200926,0
deu,20200927,0
deu,20200928,0
deu,20200929,0
deu,20200930,0
deu,20201001,0
deu,20201002,0
deu,20201003,0
deu,20201004,0
deu,20201005,0
deu,20201006,0
deu,20201007,0
deu,20201008,0
deu,20201009,0
deu,20201010,0
deu,20201011,0
deu,20201012,0
deu,20201013,0
deu,20201014,0
deu,20201015,0
deu,20201016,0
deu,20201017,0
deu,20201018,0
deu,20201019,0
deu,20201020,0
deu,20201021,0
deu,20201022,0
deu,20201023,0
deu,20201024,0
deu,20201025,0
deu,20201026,0
deu,20201027,0
deu,20201028,0
deu,20201029,0
deu,20201030,0
deu,20201031,0
deu,20201101,0
deu,20201102,0
deu,20201103,0
deu,20201104,0
deu,20201105,0
deu,20201106,0
deu,20201107,0
deu,20201108,0
deu,20201109,0
deu,20201110,0
deu,20201111,0
deu,20201112,0
deu,20201113,0
deu,20201114,0
deu,20201115,0
deu,20201116,0
deu,20201117,0
deu,20201118,0
deu,20201119,0
deu,20201120,0
deu,20201121,0
deu,20201122,0
deu,20201123,0
deu,20201124,0
deu,20201125,0
deu,20201126,0
deu,20201127,0
deu,20201128,0
deu,20201129,0
deu,20201130,0
deu,20201201,0
deu,20201202,0
deu,20201203,0
deu,20201204,0
deu,20201205,0
deu,20201206,0
deu,20201207,0
deu,20201208,0
deu,20201209,0
deu,20201210,0
deu,20201211,0
deu,20201212,0
deu,20201213,0
deu,20201214,0
deu,20201215,0
deu,20201216,0
deu,20201217,0
deu,20201218,0
deu,20201219,0
deu,20201220,0
deu,20201221,0
deu,20201222,0
deu,20201223,0
deu,20201224,0
deu,20201225,0
deu,20201226,0
deu,20201227,0
deu,20201228,0
deu,20201229,0
deu,20201230,0
deu,20201231,0
deu,20210101,0
deu,20210102,0
deu,20210103,0
deu,20210104,0
deu,20210105,0
deu,20210106,0
deu,20210107,0
deu,20210108,0
deu,20210109,0
deu,20210110,0
deu,20210111,0
deu,20210112,0
deu,20210113,0
deu,20210114,0
deu,20210115,0
deu,20210116,0
deu,20210117,0
deu,20210118,0
deu,20210119,0
deu,20210120,0
deu,20210121,0
deu,20210122,0
deu,20210123,0
deu,20210124,0
deu,20210125,0
deu,20210126,0
deu,20210127,0
deu,20210128,0
deu,20210129,0
deu,20210130,0
deu,20210131,0
deu,20210201,0
deu,20210202,0
deu,20210203,0
deu,20210204,0
deu,20210205,0
deu,20210206,0
deu,20210207,0
deu,20210208,0
deu,20210209,0
deu,20210210,0
deu,20210211,0
deu,20210212,0
deu,20210213,0
deu,20210214,0
deu,20210215,0
deu,20210216,0
deu,20210217,0
deu,20210218,0
deu,20210219,0
deu,20210220,0
deu,20210221,0
deu,20210222,0
deu,20210223,0
deu,20210224,0
deu,20210225,0
deu,20210226,0
deu,20210227,0
deu,20210228,0
deu,20210301,0
deu,20210302,0
deu,20210303,0
deu,20210304,0
deu,20210305,0
deu,20210306,0
deu,20210307,0
deu,20210308,0
deu,20210309,0
deu,20210310,0
deu,20210311,0
deu,20210312,0
deu,20210313,0
deu,20210314,0
deu,20210315,0
deu,20210316,0
deu,20210317,0
deu,20210318,0
deu,20210319,0
deu,20210320,0
deu,20210321,0
deu,20210322,0
deu,20210323,0
deu,20210324,0
deu,20210325,0
deu,20210326,0
deu,20210327,0
deu,20210328,0
deu,20210329,0
deu,20210330,0
deu,20210331,0
deu,20210401,0
deu,20210402,0
deu,20210403,0
deu,20210404,0
deu,20210405,0
deu,20210406,0
deu,20210407,0
deu,20210408,0
deu,20210409,0
deu,20210410,0
deu,20210411,0
deu,20210412,0
deu,20210413,0
deu,20210414,0
deu,20210415,0
deu,20210416,0
deu,20210417,0
deu,20210418,0
deu,20210419,0
deu,20210420,0
deu,20210421,0
deu,20210422,0
deu,20210423,0
deu,20210424,0
deu,20210425,0
deu,20210426,0
deu,20210427,0
deu,20210428,0
deu,20210429,0
deu,20210430,0
deu,20210501,0
deu,20210502,0
deu,20210503,0
deu,20210504,0
deu,20210505,0
deu,20210506,0
deu,20210507,0
deu,20210508,0
deu,20210509,0
deu,20210510,0
deu,20210511,0
deu,20210512,0
deu,20210513,0
deu,20210514,0
deu,20210515,0
deu,20210516,0
deu,20210517,0
deu,20210518,0
deu,20210519,0
deu,20210520,0
deu,20210521,0
deu,20210522,0
deu,20210523,0
deu,20210524,0
deu,20210525,0
deu,20210526,0
deu,20210527,0
deu,20210528,0
deu,20210529,0
deu,20210530,0
deu,20210531,0
deu,20210601,0
deu,20210602,0
deu,20210603,0
deu,20210604,0
deu,20210605,0
deu,20210606,0
deu,20210607,0
deu,20210608,0
deu,20210609,0
deu,20210610,0
deu,20210611,0
deu,20210612,0
deu,20210613,0
deu,20210614,0
deu,20210615,0
deu,20210616,0
deu,20210617,0
deu,20210618,0
deu,20210619,0
deu,20210620,0
deu,20210621,0
deu,20210622,0
deu,20210623,0
deu,20210624,0
deu,20210625,0
deu,20210626,0
deu,20210627,0
deu,20210628,0
deu,20210629,0
deu,20210630,0
deu,20210701,0
deu,20210702,0
deu,20210703,0
deu,20210704,0
deu,20210705,0
deu,20210706,0
deu,20210707,0
deu,20210708,0
deu,20210709,0
deu,20210710,0
deu,20210711,0
deu,20210712,0
deu,20210713,0
deu,20210714,0
deu,20210715,0
deu,20210716,0
deu,20210717,0
deu,20210718,0
deu,20210719,0
deu,20210720,0
deu,20210721,0
deu,20210722,0
deu,20210723,0
deu,20210724,0
deu,20210725,0
deu,20210726,0
deu,20210727,0
deu,20210728,0
deu,20210729,21
deu,20210730,45
deu,20210731,66
deu,20210801,87
deu,20210802,108
deu,20210803,140
deu,20210804,168
deu,20210805,177
deu,20210806,173
deu,20210807,172
deu,20210808,178
deu,20210809,189
deu,20210810,196
deu,20210811,215
deu,20210812,229
deu,20210813,242
deu,20210814,259
deu,20210815,273
deu,20210816,295
deu,20210817,312
deu,20210818,325
deu,20210819,340
deu,20210820,360
deu,20210821,367
deu,20210822,399
deu,20210823,418
deu,20210824,434
deu,20210825,444
deu,20210826,482
deu,20210827,497
deu,20210828,512
deu,20210829,520
deu,20210830,543
deu,20210831,572
deu,20210901,604
deu,20210902,613
deu,20210903,635
deu,20210904,651
deu,20210905,676
deu,20210906,699
deu,20210907,716
deu,20210908,711
deu,20210909,700
deu,20210910,694
deu,20210911,701
deu,20210912,699
deu,20210913,709
deu,20210914,681
deu,20210915,695
deu,20210916,699
deu,20210917,682
deu,20210918,676
deu,20210919,642
deu,20210920,594
deu,20210921,588
deu,20210922,549
deu,20210923,536
deu,20210924,541
deu,20210925,527
deu,20210926,547
deu,20210927,554
deu,20210928,549
deu,20210929,561
deu,20210930,553
deu,20211001,545
deu,20211002,531
deu,20211003,518
deu,20211004,509
deu,20211005,516
deu,20211006,521
deu,20211007,539
deu,20211008,535
deu,20211009,542
deu,20211010,559
deu,20211011,584
deu,20211012,572
deu,20211013,585
deu,20211014,572
deu,20211015,593
deu,20211016,604
deu,20211017,613
deu,20211018,630
deu,20211019,681
deu,20211020,682
deu,20211021,721
deu,20211022,750
deu,20211023,772
deu,20211024,804
deu,20211025,827
deu,20211026,873
deu,20211027,916
deu,20211028,957
deu,20211029,989
deu,20211030,1015
deu,20211031,1039
deu,20211101,1081
deu,20211102,1116
deu,20211103,1173
deu,20211104,1206
deu,20211105,1258
deu,20211106,1314
deu,20211107,1411
deu,20211108,1472
deu,20211109,1524
deu,20211110,1572
deu,20211111,1595
deu,20211112,1670
deu,20211113,1731
deu,20211114,1742
deu,20211115,1789
deu,20211116,1839
deu,20211117,1877
deu,20211118,1964
deu,20211119,1967
deu,20211120,1962
deu,20211121,1999
deu,20211122,2059
deu,20211123,2123
deu,20211124,2204
deu,20211125,2312
deu,20211126,2345
deu,20211127,2393
deu,20211128,2426
deu,20211129,2428
deu,20211130,2387
deu,20211201,2394
deu,20211202,2299
deu,20211203,2289
deu,20211204,2237
deu,20211205,2211
deu,20211206,2196
deu,20211207,2212
deu,20211208,2191
deu,20211209,2220
deu,20211210,2198
deu,20211211,2223
deu,20211212,2216
deu,20211213,2208
deu,20211214,2206
deu,20211215,2196
deu,20211216,2156
deu,20211217,2156
deu,20211218,2099
deu,20211219,2034
deu,20211220,1996
deu,20211221,1932
deu,20211222,1586
esp,20200301,38
esp,20200308,149
esp,20200315,734
esp,20200322,2144
esp,20200329,2809
esp,20200405,1608
esp,20200412,724
esp,20200419,411
esp,20200426,244
esp,20200503,153
esp,20200510,108
esp,20200517,48
esp,20200524,48
esp,20200531,36
esp,20200607,32
esp,20200614,24
esp,20200621,21
esp,20200628,28
esp,20200705,20
esp,20200712,26
esp,20200719,27
esp,20200726,44
esp,20200802,94
esp,20200809,139
esp,20200816,201
esp,20200823,300
esp,20200830,402
esp,20200906,453
esp,20200913,461
esp,20200920,541
esp,20200927,497
esp,20201004,489
esp,20201011,479
esp,20201018,601
esp,20201025,739
esp,20201101,900
esp,20201108,965
esp,20201115,956
esp,20201122,717
esp,20201129,630
esp,20201206,430
esp,20201213,444
esp,20201220,431
esp,20201227,510
esp,20210103,569
esp,20210110,869
esp,20210117,1312
esp,20210124,1678
esp,20210131,1563
esp,20210207,1233
esp,20210214,791
esp,20210221,572
esp,20210228,460
esp,20210307,427
esp,20210314,349
esp,20210321,387
esp,20210328,450
esp,20210404,520
esp,20210411,601
esp,20210418,666
esp,20210425,654
esp,20210502,539
esp,20210509,473
esp,20210516,323
esp,20210523,305
esp,20210530,235
esp,20210606,205
esp,20210613,143
esp,20210620,119
esp,20210627,110
esp,20210704,125
esp,20210711,202
esp,20210718,361
esp,20210725,555
esp,20210801,605
esp,20210808,590
esp,20210815,491
esp,20210822,401
esp,20210829,358
esp,20210905,261
esp,20210912,176
esp,20210919,129
esp,20210926,94
esp,20211003,67
esp,20211010,56
esp,20211017,92
esp,20211024,95
esp,20211031,92
esp,20211107,89
esp,20211114,118
esp,20211121,134
esp,20211128,172
esp,20211205,215
esp,20211212,148
est,20200329,52
est,20200426,8
est,20200503,8
est,20200510,5
est,20200517,5
est,20200524,1
est,20200531,1
est,20200607,0
est,20200614,0
est,20200628,1
est,20200705,1
est,20200712,2
est,20200719,1
est,20200726,0
est,20200802,0
est,20200809,1
est,20200816,0
est,20200823,0
est,20200830,0
est,20200906,0
est,20200913,1
est,20200920,3
est,20200927,3
est,20201004,4
est,20201011,4
est,20201018,2
est,20201025,4
est,20201101,3
est,20201108,4
est,20201115,8
est,20201122,8
est,20201129,12
est,20201206,15
est,20201213,19
est,20201220,20
est,20201227,29
est,20210103,33
est,20210110,31
est,20210117,29
est,20210124,32
est,20210131,26
est,20210207,21
est,20210214,22
est,20210221,28
est,20210228,28
est,20210307,40
est,20210314,52
est,20210321,57
est,20210328,51
est,20210411,53
est,20210418,40
est,20210425,41
est,20210502,42
est,20210509,31
est,20210516,29
est,20210523,20
est,20210530,8
est,20210606,7
est,20210613,5
est,20210620,3
est,20210627,4
est,20210704,4
est,20210711,2
est,20210718,1
est,20210725,2
est,20210801,2
est,20210808,1
est,20210815,6
est,20210822,11
est,20210829,10
est,20210905,11
est,20210912,10
est,20210919,13
est,20210926,14
est,20211003,13
est,20211010,20
est,20211017,17
est,20211024,33
est,20211031,37
est,20211114,34
est,20211121,27
est,20211128,24
est,20211205,19
est,20211212,17
fra,20200331,129338
fra,20200401,138671
fra,20200402,147884
fra,20200403,155862
fra,20200404,161496
fra,20200405,165225
fra,20200406,167545
fra,20200407,167468
fra,20200408,165134
fra,20200409,161197
fra,20200410,156226
fra,20200411,151008
fra,20200412,146301
fra,20200413,140451
fra,20200414,134158
fra,20200415,128283
fra,20200416,122357
fra,20200417,115902
fra,20200418,109746
fra,20200419,103035
fra,20200420,98028
fra,20200421,94253
fra,20200422,90406
fra,20200423,86791
fra,20200424,83351
fra,20200425,79824
fra,20200426,76686
fra,20200427,72841
fra,20200428,68512
fra,20200429,64430
fra,20200430,60660
fra,20200501,57032
fra,20200502,53424
fra,20200503,50089
fra,20200504,46979
fra,20200505,44099
fra,20200506,41531
fra,20200507,39005
fra,20200508,36999
fra,20200509,35351
fra,20200510,33747
fra,20200511,32252
fra,20200512,30774
fra,20200513,29243
fra,20200514,27846
fra,20200515,26535
fra,20200516,25497
fra,20200517,24450
fra,20200518,23421
fra,20200519,22545
fra,20200520,21848
fra,20200521,21066
fra,20200522,20181
fra,20200523,19094
fra,20200524,18077
fra,20200525,17175
fra,20200526,16249
fra,20200527,15273
fra,20200528,14550
fra,20200529,13994
fra,20200530,13549
fra,20200531,13086
fra,20200601,12403
fra,20200602,11819
fra,20200603,11375
fra,20200604,10891
fra,20200605,10373
fra,20200606,9777
fra,20200607,9195
fra,20200608,8922
fra,20200609,8678
fra,20200610,8335
fra,20200611,7998
fra,20200612,7626
fra,20200613,7263
fra,20200614,6931
fra,20200615,6512
fra,20200616,6127
fra,20200617,5848
fra,20200618,5614
fra,20200619,5437
fra,20200620,5357
fra,20200621,5296
fra,20200622,5294
fra,20200623,5292
fra,20200624,5285
fra,20200625,5273
fra,20200626,5252
fra,20200627,5174
fra,20200628,5077
fra,20200629,4912
fra,20200630,4808
fra,20200701,4732
fra,20200702,4637
fra,20200703,4609
fra,20200704,4608
fra,20200705,4588
fra,20200706,4604
fra,20200707,4560
fra,20200708,4484
fra,20200709,4425
fra,20200710,4339
fra,20200711,4271
fra,20200712,4231
fra,20200713,4165
fra,20200714,4058
fra,20200715,4024
fra,20200716,4044
fra,20200717,4036
fra,20200718,4029
fra,20200719,4027
fra,20200720,4124
fra,20200721,4335
fra,20200722,4495
fra,20200723,4619
fra,20200724,4767
fra,20200725,4922
fra,20200726,5067
fra,20200727,5124
fra,20200728,5196
fra,20200729,5255
fra,20200730,5303
fra,20200731,5370
fra,20200801,5410
fra,20200802,5439
fra,20200803,5511
fra,20200804,5487
fra,20200805,5496
fra,20200806,5537
fra,20200807,5536
fra,20200808,5540
fra,20200809,5544
fra,20200810,5562
fra,20200811,5665
fra,20200812,5755
fra,20200813,5880
fra,20200814,6058
fra,20200815,6254
fra,20200816,6480
fra,20200817,6722
fra,20200818,6906
fra,20200819,7103
fra,20200820,7188
fra,20200821,7273
fra,20200822,7371
fra,20200823,7446
fra,20200824,7466
fra,20200825,7572
fra,20200826,7712
fra,20200827,7980
fra,20200828,8242
fra,20200829,8498
fra,20200830,8752
fra,20200831,9028
fra,20200901,9259
fra,20200902,9539
fra,20200903,9825
fra,20200904,10131
fra,20200905,10449
fra,20200906,10816
fra,20200907,11356
fra,20200908,12051
fra,20200909,12713
fra,20200910,13338
fra,20200911,14067
fra,20200912,14838
fra,20200913,15598
fra,20200914,16261
fra,20200915,16886
fra,20200916,17705
fra,20200917,18726
fra,20200918,19995
fra,20200919,21416
fra,20200920,22846
fra,20200921,24388
fra,20200922,25919
fra,20200923,27187
fra,20200924,28222
fra,20200925,28665
fra,20200926,28914
fra,20200927,29224
fra,20200928,29190
fra,20200929,28930
fra,20200930,28671
fra,20201001,28411
fra,20201002,28400
fra,20201003,28385
fra,20201004,28445
fra,20201005,28731
fra,20201006,29233
fra,20201007,29873
fra,20201008,30585
fra,20201009,31364
fra,20201010,32276
fra,20201011,33096
fra,20201012,34091
fra,20201013,35294
fra,20201014,36702
fra,20201015,38521
fra,20201016,40590
fra,20201017,42789
fra,20201018,45235
fra,20201019,47863
fra,20201020,50927
fra,20201021,54268
fra,20201022,57904
fra,20201023,62029
fra,20201024,66543
fra,20201025,71188
fra,20201026,76275
fra,20201027,81632
fra,20201028,87435
fra,20201029,93056
fra,20201030,98283
fra,20201031,103436
fra,20201101,108711
fra,20201102,113329
fra,20201103,117225
fra,20201104,120914
fra,20201105,124376
fra,20201106,127943
fra,20201107,131087
fra,20201108,133577
fra,20201109,135957
fra,20201110,137871
fra,20201111,137832
fra,20201112,136793
fra,20201113,134878
fra,20201114,132523
fra,20201115,129997
fra,20201116,126743
fra,20201117,122977
fra,20201118,120151
fra,20201119,117793
fra,20201120,114861
fra,20201121,111498
fra,20201122,107707
fra,20201123,103836
fra,20201124,99893
fra,20201125,95345
fra,20201126,90186
fra,20201127,85403
fra,20201128,80768
fra,20201129,76547
fra,20201130,72888
fra,20201201,69742
fra,20201202,66930
fra,20201203,64869
fra,20201204,63234
fra,20201205,62181
fra,20201206,61357
fra,20201207,60605
fra,20201208,60092
fra,20201209,60130
fra,20201210,60173
fra,20201211,60227
fra,20201212,60316
fra,20201213,60472
fra,20201214,60797
fra,20201215,61062
fra,20201216,61484
fra,20201217,61830
fra,20201218,62181
fra,20201219,62361
fra,20201220,62429
fra,20201221,62339
fra,20201222,62505
fra,20201223,62149
fra,20201224,61964
fra,20201225,61292
fra,20201226,60222
fra,20201227,59212
fra,20201228,58175
fra,20201229,56761
fra,20201230,55563
fra,20201231,54138
fra,20210101,53189
fra,20210102,52864
fra,20210103,52617
fra,20210104,52482
fra,20210105,52623
fra,20210106,52820
fra,20210107,53278
fra,20210108,54570
fra,20210109,56027
fra,20210110,57488
fra,20210111,58931
fra,20210112,60167
fra,20210113,61519
fra,20210114,62997
fra,20210115,63896
fra,20210116,64752
fra,20210117,65505
fra,20210118,66608
fra,20210119,68133
fra,20210120,69831
fra,20210121,71347
fra,20210122,72901
fra,20210123,74175
fra,20210124,75700
fra,20210125,76955
fra,20210126,77886
fra,20210127,78516
fra,20210128,79045
fra,20210129,79309
fra,20210130,79600
fra,20210131,79569
fra,20210201,79408
fra,20210202,79419
fra,20210203,79357
fra,20210204,79354
fra,20210205,79285
fra,20210206,79164
fra,20210207,79119
fra,20210208,79240
fra,20210209,78920
fra,20210210,78294
fra,20210211,77508
fra,20210212,76512
fra,20210213,75525
fra,20210214,74425
fra,20210215,72720
fra,20210216,71199
fra,20210217,70069
fra,20210218,68945
fra,20210219,68273
fra,20210220,67586
fra,20210221,66980
fra,20210222,66934
fra,20210223,66885
fra,20210224,66879
fra,20210225,66965
fra,20210226,67004
fra,20210227,67077
fra,20210228,67343
fra,20210301,67375
fra,20210302,67409
fra,20210303,67352
fra,20210304,67415
fra,20210305,67150
fra,20210306,66997
fra,20210307,66701
fra,20210308,66732
fra,20210309,66943
fra,20210310,67120
fra,20210311,67284
fra,20210312,67736
fra,20210313,68088
fra,20210314,68549
fra,20210315,68911
fra,20210316,69363
fra,20210317,70034
fra,20210318,70686
fra,20210319,71538
fra,20210320,72661
fra,20210321,73788
fra,20210322,75049
fra,20210323,76396
fra,20210324,77957
fra,20210325,79665
fra,20210326,81471
fra,20210327,83235
fra,20210328,84985
fra,20210329,86706
fra,20210330,88439
fra,20210331,89866
fra,20210401,91269
fra,20210402,92367
fra,20210403,93409
fra,20210404,94567
fra,20210405,94648
fra,20210406,94316
fra,20210407,94827
fra,20210408,95284
fra,20210409,95725
fra,20210410,95922
fra,20210411,95993
fra,20210412,97897
fra,20210413,99963
fra,20210414,100048
fra,20210415,99918
fra,20210416,99684
fra,20210417,99353
fra,20210418,98747
fra,20210419,97082
fra,20210420,95278
fra,20210421,94556
fra,20210422,93744
fra,20210423,92896
fra,20210424,92123
fra,20210425,91314
fra,20210426,90489
fra,20210427,89466
fra,20210428,88033
fra,20210429,86617
fra,20210430,84814
fra,20210501,82992
fra,20210502,81317
fra,20210503,79315
fra,20210504,77090
fra,20210505,75003
fra,20210506,72523
fra,20210507,70249
fra,20210508,67695
fra,20210509,64953
fra,20210510,62290
fra,20210511,59793
fra,20210512,57051
fra,20210513,54336
fra,20210514,51507
fra,20210515,48816
fra,20210516,46285
fra,20210517,43870
fra,20210518,41564
fra,20210519,39499
fra,20210520,38058
fra,20210521,36916
fra,20210522,35926
fra,20210523,34955
fra,20210524,33627
fra,20210525,32342
fra,20210526,31269
fra,20210527,29895
fra,20210528,28543
fra,20210529,27169
fra,20210530,25762
fra,20210531,25235
fra,20210601,24708
fra,20210602,24042
fra,20210603,23545
fra,20210604,23003
fra,20210605,22528
fra,20210606,22133
fra,20210607,21323
fra,20210608,20522
fra,20210609,19801
fra,20210610,18960
fra,20210611,18155
fra,20210612,17348
fra,20210613,16543
fra,20210614,15826
fra,20210615,15195
fra,20210616,14471
fra,20210617,13836
fra,20210618,13154
fra,20210619,12445
fra,20210620,11719
fra,20210621,10942
fra,20210622,10151
fra,20210623,9522
fra,20210624,8880
fra,20210625,8357
fra,20210626,7909
fra,20210627,7512
fra,20210628,7184
fra,20210629,6928
fra,20210630,6694
fra,20210701,6514
fra,20210702,6327
fra,20210703,6159
fra,20210704,5999
fra,20210705,5840
fra,20210706,5743
fra,20210707,5637
fra,20210708,5553
fra,20210709,5528
fra,20210710,5527
fra,20210711,5509
fra,20210712,5660
fra,20210713,5893
fra,20210714,6119
fra,20210715,6467
fra,20210716,6859
fra,20210717,7242
fra,20210718,7674
fra,20210719,8069
fra,20210720,8448
fra,20210721,9018
fra,20210722,9554
fra,20210723,10127
fra,20210724,10755
fra,20210725,11390
fra,20210726,12179
fra,20210727,13117
fra,20210728,14098
fra,20210729,15209
fra,20210730,16520
fra,20210731,18048
fra,20210801,19758
fra,20210802,21302
fra,20210803,22877
fra,20210804,24525
fra,20210805,26175
fra,20210806,27737
fra,20210807,29029
fra,20210808,30287
fra,20210809,31609
fra,20210810,32796
fra,20210811,33702
fra,20210812,34579
fra,20210813,35208
fra,20210814,35946
fra,20210815,36399
fra,20210816,36824
fra,20210817,37254
fra,20210818,37946
fra,20210819,38538
fra,20210820,39207
fra,20210821,39951
fra,20210822,40937
fra,20210823,41799
fra,20210824,42600
fra,20210825,42985
fra,20210826,43053
fra,20210827,43091
fra,20210828,42590
fra,20210829,41715
fra,20210830,40629
fra,20210831,39269
fra,20210901,37921
fra,20210902,36715
fra,20210903,35204
fra,20210904,33992
fra,20210905,32927
fra,20210906,32016
fra,20210907,31129
fra,20210908,30236
fra,20210909,29342
fra,20210910,28613
fra,20210911,27823
fra,20210912,27077
fra,20210913,26180
fra,20210914,25279
fra,20210915,24382
fra,20210916,23407
fra,20210917,22417
fra,20210918,21450
fra,20210919,20449
fra,20210920,19590
fra,20210921,18841
fra,20210922,18144
fra,20210923,17538
fra,20210924,16991
fra,20210925,16476
fra,20210926,16011
fra,20210927,15589
fra,20210928,15042
fra,20210929,14479
fra,20210930,13934
fra,20211001,13382
fra,20211002,12822
fra,20211003,12273
fra,20211004,11694
fra,20211005,11300
fra,20211006,10961
fra,20211007,10641
fra,20211008,10407
fra,20211009,10215
fra,20211010,10051
fra,20211011,9890
fra,20211012,9707
fra,20211013,9593
fra,20211014,9535
fra,20211015,9470
fra,20211016,9399
fra,20211017,9293
fra,20211018,9295
fra,20211019,9365
fra,20211020,9462
fra,20211021,9614
fra,20211022,9757
fra,20211023,9994
fra,20211024,10243
fra,20211025,10433
fra,20211026,10621
fra,20211027,10785
fra,20211028,10880
fra,20211029,11067
fra,20211030,11171
fra,20211031,11325
fra,20211101,11321
fra,20211102,11387
fra,20211103,11597
fra,20211104,11872
fra,20211105,12118
fra,20211106,12386
fra,20211107,12607
fra,20211108,13374
fra,20211109,14034
fra,20211110,14480
fra,20211111,14741
fra,20211112,14979
fra,20211113,15247
fra,20211114,15545
fra,20211115,15611
fra,20211116,15922
fra,20211117,16411
fra,20211118,17332
fra,20211119,18426
fra,20211120,19511
fra,20211121,20604
fra,20211122,21783
fra,20211123,22836
fra,20211124,24006
fra,20211125,25122
fra,20211126,26218
fra,20211127,27398
fra,20211128,28611
fra,20211129,29768
fra,20211130,31241
fra,20211201,32691
fra,20211202,34057
fra,20211203,35651
fra,20211204,37432
fra,20211205,39292
fra,20211206,41355
fra,20211207,43468
fra,20211208,45655
fra,20211209,47970
fra,20211210,50016
fra,20211211,51849
fra,20211212,53640
fra,20211213,55131
fra,20211214,56141
fra,20211215,57020
fra,20211216,57691
fra,20211217,58378
fra,20211218,59001
fra,20211219,59534
fra,20211220,59947
fra,20211221,60362
fra,20211222,60563
grc,20200106,0
grc,20200118,0
grc,20200212,0
grc,20200301,0
grc,20200308,2
grc,20200315,13
grc,20200322,42
grc,20200329,53
grc,20200405,39
grc,20200412,19
grc,20200419,16
grc,20200426,10
grc,20200503,4
grc,20200510,4
grc,20200517,5
grc,20200524,4
grc,20200531,2
grc,20200607,3
grc,20200614,8
grc,20200621,2
grc,20200628,3
grc,20200705,3
grc,20200712,4
grc,20200719,2
grc,20200726,7
grc,20200802,11
grc,20200809,15
grc,20200816,12
grc,20200823,18
grc,20200830,17
grc,20200906,21
grc,20200913,35
grc,20200920,44
grc,20200927,28
grc,20201004,46
grc,20201011,39
grc,20201018,33
grc,20201025,55
grc,20201101,96
grc,20201108,152
grc,20201115,279
grc,20201122,345
grc,20201129,303
grc,20201206,271
grc,20201213,236
grc,20201220,191
grc,20201227,166
grc,20210103,122
grc,20210110,104
grc,20210117,102
grc,20210124,86
grc,20210131,65
grc,20210207,107
grc,20210214,151
grc,20210221,138
grc,20210228,194
grc,20210307,213
grc,20210314,298
grc,20210321,331
grc,20210328,327
grc,20210404,331
grc,20210411,339
grc,20210418,379
grc,20210425,321
grc,20210502,321
grc,20210509,224
grc,20210516,207
grc,20210523,154
grc,20210530,134
grc,20210606,101
grc,20210613,63
grc,20210620,52
grc,20210627,32
grc,20210704,17
grc,20210711,13
grc,20210718,28
grc,20210725,53
grc,20210801,94
grc,20210808,94
grc,20210815,113
grc,20210822,157
grc,20210829,141
grc,20210905,173
grc,20210912,131
grc,20210919,124
grc,20210926,124
grc,20211003,128
grc,20211010,141
grc,20211017,146
grc,20211024,147
grc,20211031,204
grc,20211107,222
grc,20211114,257
grc,20211121,319
grc,20211128,340
grc,20211205,359
grc,20211212,311
irl,20200412,47
irl,20200419,59
irl,20200426,45
irl,20200517,19
irl,20200524,10
irl,20200531,15
irl,20200607,3
irl,20200621,14
irl,20200628,4
irl,20200705,6
irl,20200712,1
irl,20200719,2
irl,20200726,3
irl,20200802,1
irl,20200809,1
irl,20200816,0
irl,20200823,2
irl,20200830,2
irl,20200906,1
irl,20200913,0
irl,20200920,6
irl,20200927,4
irl,20201004,9
irl,20201011,4
irl,20201018,9
irl,20201025,12
irl,20201101,10
irl,20201108,19
irl,20201115,16
irl,20201122,10
irl,20201129,5
irl,20201206,10
irl,20201213,11
irl,20201220,18
irl,20201227,16
irl,20210103,15
irl,20210110,29
irl,20210117,59
irl,20210124,66
irl,20210131,67
irl,20210207,54
irl,20210214,47
irl,20210221,38
irl,20210228,32
irl,20210307,34
irl,20210314,28
irl,20210321,24
irl,20210328,21
irl,20210404,26
irl,20210411,15
irl,20210418,18
irl,20210425,16
irl,20210502,14
irl,20210509,9
irl,20210516,4
irl,20210523,7
irl,20210530,15
irl,20210606,14
irl,20210613,8
irl,20210620,8
irl,20210627,3
irl,20210704,4
irl,20210711,2
irl,20210718,4
irl,20210725,11
irl,20210801,11
irl,20210808,9
irl,20210815,14
irl,20210822,16
irl,20210829,29
irl,20210905,26
irl,20210912,27
irl,20210919,18
irl,20210926,22
irl,20211003,24
irl,20211010,21
irl,20211017,27
irl,20211024,13
irl,20211031,39
irl,20211107,34
irl,20211114,20
irl,20211121,32
irl,20211128,42
irl,20211205,33
irl,20211212,37
isl,20210228,0
isl,20210307,0
isl,20210314,0
isl,20210321,0
isl,20210328,0
isl,20210404,0
isl,20210411,0
isl,20210418,1
isl,20210425,0
isl,20210502,0
isl,20210509,2
isl,20210516,0
isl,20210523,0
isl,20210530,0
isl,20210606,0
isl,20210613,0
isl,20210620,0
isl,20210627,0
isl,20210704,0
isl,20210711,0
isl,20210718,0
isl,20210725,0
isl,20210801,1
isl,20210808,1
isl,20210815,5
isl,20210822,2
isl,20210829,0
isl,20210905,0
isl,20210912,0
isl,20210919,0
isl,20210926,3
isl,20211003,1
isl,20211010,0
isl,20211024,0
isl,20211031,3
isl,20211107,4
isl,20211114,2
isl,20211121,2
isr,20200314,555
isr,20200315,720
isr,20200316,880
isr,20200317,1047
isr,20200318,1221
isr,20200319,1381
isr,20200320,1528
isr,20200321,1632
isr,20200322,1716
isr,20200323,1826
isr,20200324,1946
isr,20200325,2064
isr,20200326,2226
isr,20200327,2461
isr,20200328,2720
isr,20200329,2981
isr,20200330,3272
isr,20200331,3555
isr,20200401,3878
isr,20200402,4184
isr,20200403,4398
isr,20200404,4613
isr,20200405,4843
isr,20200406,4980
isr,20200407,5053
isr,20200408,4969
isr,20200409,4800
isr,20200410,4600
isr,20200411,4350
isr,20200412,4061
isr,20200413,3799
isr,20200414,3570
isr,20200415,3442
isr,20200416,3352
isr,20200417,3298
isr,20200418,3276
isr,20200419,3213
isr,20200420,3110
isr,20200421,2967
isr,20200422,2780
isr,20200423,2587
isr,20200424,2379
isr,20200425,2137
isr,20200426,1937
isr,20200427,1751
isr,20200428,1609
isr,20200429,1486
isr,20200430,1369
isr,20200501,1268
isr,20200502,1206
isr,20200503,1134
isr,20200504,1087
isr,20200505,1020
isr,20200506,960
isr,20200507,907
isr,20200508,853
isr,20200509,789
isr,20200510,743
isr,20200511,691
isr,20200512,659
isr,20200513,629
isr,20200514,598
isr,20200515,562
isr,20200516,524
isr,20200517,482
isr,20200518,443
isr,20200519,400
isr,20200520,356
isr,20200521,321
isr,20200522,302
isr,20200523,288
isr,20200524,268
isr,20200525,259
isr,20200526,249
isr,20200527,247
isr,20200528,242
isr,20200529,233
isr,20200530,227
isr,20200531,236
isr,20200601,244
isr,20200602,266
isr,20200603,288
isr,20200604,315
isr,20200605,345
isr,20200606,377
isr,20200607,411
isr,20200608,445
isr,20200609,466
isr,20200610,502
isr,20200611,536
isr,20200612,572
isr,20200613,606
isr,20200614,636
isr,20200615,669
isr,20200616,716
isr,20200617,744
isr,20200618,794
isr,20200619,855
isr,20200620,935
isr,20200621,1035
isr,20200622,1128
isr,20200623,1210
isr,20200624,1305
isr,20200625,1365
isr,20200626,1426
isr,20200627,1460
isr,20200628,1480
isr,20200629,1523
isr,20200630,1597
isr,20200701,1708
isr,20200702,1868
isr,20200703,2021
isr,20200704,2215
isr,20200705,2434
isr,20200706,2665
isr,20200707,2917
isr,20200708,3130
isr,20200709,3361
isr,20200710,3613
isr,20200711,3860
isr,20200712,4116
isr,20200713,4376
isr,20200714,4588
isr,20200715,4809
isr,20200716,4990
isr,20200717,5192
isr,20200718,5373
isr,20200719,5543
isr,20200720,5699
isr,20200721,5871
isr,20200722,6052
isr,20200723,6208
isr,20200724,6277
isr,20200725,6327
isr,20200726,6314
isr,20200727,6271
isr,20200728,6205
isr,20200729,6099
isr,20200730,5969
isr,20200731,5888
isr,20200801,5834
isr,20200802,5826
isr,20200803,5793
isr,20200804,5749
isr,20200805,5736
isr,20200806,5773
isr,20200807,5798
isr,20200808,5798
isr,20200809,5789
isr,20200810,5804
isr,20200811,5826
isr,20200812,5799
isr,20200813,5788
isr,20200814,5772
isr,20200815,5784
isr,20200816,5780
isr,20200817,5784
isr,20200818,5833
isr,20200819,5915
isr,20200820,5935
isr,20200821,5970
isr,20200822,5964
isr,20200823,5964
isr,20200824,5985
isr,20200825,5943
isr,20200826,5952
isr,20200827,6012
isr,20200828,6037
isr,20200829,6084
isr,20200830,6173
isr,20200831,6266
isr,20200901,6393
isr,20200902,6428
isr,20200903,6447
isr,20200904,6513
isr,20200905,6601
isr,20200906,6659
isr,20200907,6701
isr,20200908,6776
isr,20200909,6942
isr,20200910,7136
isr,20200911,7328
isr,20200912,7523
isr,20200913,7740
isr,20200914,7993
isr,20200915,8234
isr,20200916,8454
isr,20200917,8683
isr,20200918,8937
isr,20200919,9176
isr,20200920,9397
isr,20200921,9581
isr,20200922,9782
isr,20200923,9987
isr,20200924,10189
isr,20200925,10381
isr,20200926,10619
isr,20200927,10905
isr,20200928,11138
isr,20200929,11361
isr,20200930,11573
isr,20201001,11749
isr,20201002,11876
isr,20201003,11918
isr,20201004,11882
isr,20201005,11928
isr,20201006,11873
isr,20201007,11744
isr,20201008,11532
isr,20201009,11293
isr,20201010,11044
isr,20201011,10799
isr,20201012,10484
isr,20201013,10149
isr,20201014,9798
isr,20201015,9487
isr,20201016,9135
isr,20201017,8743
isr,20201018,8251
isr,20201019,7728
isr,20201020,7263
isr,20201021,6807
isr,20201022,6322
isr,20201023,5894
isr,20201024,5558
isr,20201025,5284
isr,20201026,5021
isr,20201027,4752
isr,20201028,4511
isr,20201029,4315
isr,20201030,4113
isr,20201031,3865
isr,20201101,3651
isr,20201102,3469
isr,20201103,3305
isr,20201104,3164
isr,20201105,3052
isr,20201106,2973
isr,20201107,2905
isr,20201108,2851
isr,20201109,2815
isr,20201110,2778
isr,20201111,2742
isr,20201112,2695
isr,20201113,2631
isr,20201114,2611
isr,20201115,2605
isr,20201116,2609
isr,20201117,2636
isr,20201118,2673
isr,20201119,2738
isr,20201120,2827
isr,20201121,2884
isr,20201122,2914
isr,20201123,2933
isr,20201124,2936
isr,20201125,2953
isr,20201126,2936
isr,20201127,2890
isr,20201128,2854
isr,20201129,2866
isr,20201130,2914
isr,20201201,3016
isr,20201202,3103
isr,20201203,3224
isr,20201204,3428
isr,20201205,3659
isr,20201206,3858
isr,20201207,4015
isr,20201208,4129
isr,20201209,4260
isr,20201210,4387
isr,20201211,4453
isr,20201212,4502
isr,20201213,4598
isr,20201214,4758
isr,20201215,4951
isr,20201216,5139
isr,20201217,5342
isr,20201218,5563
isr,20201219,5817
isr,20201220,6048
isr,20201221,6220
isr,20201222,6398
isr,20201223,6600
isr,20201224,6778
isr,20201225,7001
isr,20201226,7203
isr,20201227,7426
isr,20201228,7692
isr,20201229,7942
isr,20201230,8177
isr,20201231,8474
isr,20210101,8728
isr,20210102,8973
isr,20210103,9256
isr,20210104,9580
isr,20210105,9961
isr,20210106,10407
isr,20210107,10823
isr,20210108,11259
isr,20210109,11739
isr,20210110,12182
isr,20210111,12571
isr,20210112,12871
isr,20210113,13092
isr,20210114,13278
isr,20210115,13442
isr,20210116,13549
isr,20210117,13633
isr,20210118,13678
isr,20210119,13736
isr,20210120,13755
isr,20210121,13760
isr,20210122,13711
isr,20210123,13655
isr,20210124,13521
isr,20210125,13372
isr,20210126,13194
isr,20210127,13019
isr,20210128,12817
isr,20210129,12598
isr,20210130,12329
isr,20210131,12092
isr,20210201,11896
isr,20210202,11709
isr,20210203,11563
isr,20210204,11442
isr,20210205,11374
isr,20210206,11395
isr,20210207,11425
isr,20210208,11415
isr,20210209,11357
isr,20210210,11263
isr,20210211,11150
isr,20210212,10998
isr,20210213,10773
isr,20210214,10523
isr,20210215,10264
isr,20210216,10067
isr,20210217,9838
isr,20210218,9587
isr,20210219,9341
isr,20210220,9108
isr,20210221,8881
isr,20210222,8659
isr,20210223,8433
isr,20210224,8249
isr,20210225,8130
isr,20210226,8052
isr,20210227,8021
isr,20210228,8022
isr,20210301,8053
isr,20210302,8065
isr,20210303,8051
isr,20210304,8031
isr,20210305,7980
isr,20210306,7885
isr,20210307,7781
isr,20210308,7652
isr,20210309,7510
isr,20210310,7401
isr,20210311,7226
isr,20210312,7038
isr,20210313,6861
isr,20210314,6657
isr,20210315,6432
isr,20210316,6202
isr,20210317,5939
isr,20210318,5714
isr,20210319,5491
isr,20210320,5246
isr,20210321,4999
isr,20210322,4758
isr,20210323,4528
isr,20210324,4313
isr,20210325,4093
isr,20210326,3867
isr,20210327,3628
isr,20210328,3385
isr,20210329,3181
isr,20210330,2987
isr,20210331,2777
isr,20210401,2551
isr,20210402,2363
isr,20210403,2214
isr,20210404,2101
isr,20210405,1961
isr,20210406,1830
isr,20210407,1733
isr,20210408,1675
isr,20210409,1607
isr,20210410,1551
isr,20210411,1492
isr,20210412,1461
isr,20210413,1426
isr,20210414,1376
isr,20210415,1315
isr,20210416,1256
isr,20210417,1186
isr,20210418,1130
isr,20210419,1052
isr,20210420,994
isr,20210421,951
isr,20210422,913
isr,20210423,870
isr,20210424,826
isr,20210425,770
isr,20210426,735
isr,20210427,680
isr,20210428,626
isr,20210429,577
isr,20210430,540
isr,20210501,514
isr,20210502,490
isr,20210503,466
isr,20210504,459
isr,20210505,454
isr,20210506,445
isr,20210507,444
isr,20210508,435
isr,20210509,431
isr,20210510,422
isr,20210511,406
isr,20210512,387
isr,20210513,378
isr,20210514,352
isr,20210515,333
isr,20210516,312
isr,20210517,297
isr,20210518,284
isr,20210519,279
isr,20210520,271
isr,20210521,274
isr,20210522,272
isr,20210523,277
isr,20210524,282
isr,20210525,293
isr,20210526,294
isr,20210527,290
isr,20210528,280
isr,20210529,274
isr,20210530,264
isr,20210531,254
isr,20210601,237
isr,20210602,225
isr,20210603,214
isr,20210604,207
isr,20210605,203
isr,20210606,199
isr,20210607,193
isr,20210608,186
isr,20210609,180
isr,20210610,181
isr,20210611,180
isr,20210612,174
isr,20210613,171
isr,20210614,168
isr,20210615,167
isr,20210616,164
isr,20210617,154
isr,20210618,147
isr,20210619,144
isr,20210620,138
isr,20210621,136
isr,20210622,141
isr,20210623,150
isr,20210624,163
isr,20210625,176
isr,20210626,189
isr,20210627,207
isr,20210628,232
isr,20210629,257
isr,20210630,279
isr,20210701,302
isr,20210702,329
isr,20210703,358
isr,20210704,388
isr,20210705,414
isr,20210706,442
isr,20210707,475
isr,20210708,513
isr,20210709,549
isr,20210710,580
isr,20210711,612
isr,20210712,649
isr,20210713,683
isr,20210714,724
isr,20210715,776
isr,20210716,838
isr,20210717,908
isr,20210718,987
isr,20210719,1064
isr,20210720,1167
isr,20210721,1268
isr,20210722,1372
isr,20210723,1480
isr,20210724,1591
isr,20210725,1711
isr,20210726,1865
isr,20210727,1999
isr,20210728,2152
isr,20210729,2311
isr,20210730,2476
isr,20210731,2677
isr,20210801,2893
isr,20210802,3089
isr,20210803,3325
isr,20210804,3560
isr,20210805,3818
isr,20210806,4137
isr,20210807,4456
isr,20210808,4789
isr,20210809,5147
isr,20210810,5500
isr,20210811,5899
isr,20210812,6299
isr,20210813,6636
isr,20210814,6985
isr,20210815,7327
isr,20210816,7679
isr,20210817,8037
isr,20210818,8348
isr,20210819,8618
isr,20210820,8924
isr,20210821,9175
isr,20210822,9413
isr,20210823,9606
isr,20210824,9736
isr,20210825,9861
isr,20210826,10000
isr,20210827,10066
isr,20210828,10131
isr,20210829,10161
isr,20210830,10183
isr,20210831,10217
isr,20210901,10213
isr,20210902,10152
isr,20210903,10112
isr,20210904,10055
isr,20210905,9973
isr,20210906,9824
isr,20210907,9619
isr,20210908,9387
isr,20210909,9220
isr,20210910,9024
isr,20210911,8823
isr,20210912,8659
isr,20210913,8569
isr,20210914,8592
isr,20210915,8651
isr,20210916,8604
isr,20210917,8624
isr,20210918,8680
isr,20210919,8696
isr,20210920,8684
isr,20210921,8569
isr,20210922,8470
isr,20210923,8453
isr,20210924,8297
isr,20210925,8058
isr,20210926,7825
isr,20210927,7600
isr,20210928,7367
isr,20210929,7114
isr,20210930,6826
isr,20211001,6603
isr,20211002,6447
isr,20211003,6260
isr,20211004,6030
isr,20211005,5838
isr,20211006,5595
isr,20211007,5339
isr,20211008,5068
isr,20211009,4760
isr,20211010,4476
isr,20211011,4220
isr,20211012,3957
isr,20211013,3730
isr,20211014,3517
isr,20211015,3341
isr,20211016,3182
isr,20211017,3031
isr,20211018,2879
isr,20211019,2727
isr,20211020,2584
isr,20211021,2458
isr,20211022,2319
isr,20211023,2183
isr,20211024,2053
isr,20211025,1938
isr,20211026,1833
isr,20211027,1740
isr,20211028,1638
isr,20211029,1547
isr,20211030,1470
isr,20211031,1407
isr,20211101,1352
isr,20211102,1303
isr,20211103,1233
isr,20211104,1174
isr,20211105,1120
isr,20211106,1065
isr,20211107,994
isr,20211108,907
isr,20211109,833
isr,20211110,788
isr,20211111,751
isr,20211112,717
isr,20211113,683
isr,20211114,673
isr,20211115,682
isr,20211116,676
isr,20211117,663
isr,20211118,647
isr,20211119,636
isr,20211120,628
isr,20211121,617
isr,20211122,611
isr,20211123,615
isr,20211124,625
isr,20211125,636
isr,20211126,642
isr,20211127,656
isr,20211128,663
isr,20211129,656
isr,20211130,654
isr,20211201,646
isr,20211202,634
isr,20211203,631
isr,20211204,614
isr,20211205,604
isr,20211206,607
isr,20211207,602
isr,20211208,603
isr,20211209,612
isr,20211210,612
isr,20211211,630
isr,20211212,641
isr,20211213,645
isr,20211214,647
isr,20211215,646
isr,20211216,641
isr,20211217,639
isr,20211218,619
isr,20211219,606
isr,20211220,601
isr,20211221,592
isr,20211222,585
ita,20201213,1310
ita,20201220,1195
ita,20201227,1187
ita,20210103,1248
ita,20210110,1243
ita,20210117,1157
ita,20210124,1076
ita,20210131,917
ita,20210207,976
ita,20210214,1000
ita,20210221,991
ita,20210228,1212
ita,20210307,1462
ita,20210314,1789
ita,20210321,1877
ita,20210328,1896
ita,20210404,1669
ita,20210411,1519
ita,20210418,1378
ita,20210425,1075
ita,20210502,1007
ita,20210509,858
ita,20210516,581
ita,20210523,463
ita,20210530,271
ita,20210606,200
ita,20210613,164
ita,20210620,95
ita,20210627,63
ita,20210704,37
ita,20210711,50
ita,20210718,55
ita,20210725,96
ita,20210801,124
ita,20210808,177
ita,20210815,246
ita,20210822,273
ita,20210829,295
ita,20210905,324
ita,20210912,264
ita,20210919,234
ita,20210926,215
ita,20211003,167
ita,20211010,136
ita,20211017,129
ita,20211024,162
ita,20211031,169
ita,20211107,223
ita,20211114,276
ita,20211121,304
ita,20211128,391
ita,20211205,408
ita,20211212,477
lva,20200106,0
lva,20200118,0
lva,20200212,0
lva,20200301,0
lva,20200308,0
lva,20200315,0
lva,20200322,0
lva,20200329,3
lva,20200405,4
lva,20200412,0
lva,20200419,3
lva,20200426,4
lva,20200503,2
lva,20200510,0
lva,20200517,1
lva,20200524,0
lva,20200531,1
lva,20200607,2
lva,20200614,0
lva,20200621,0
lva,20200628,0
lva,20200705,0
lva,20200712,0
lva,20200719,0
lva,20200726,0
lva,20200802,0
lva,20200809,0
lva,20200816,0
lva,20200823,0
lva,20200830,0
lva,20200906,0
lva,20200913,0
lva,20200920,0
lva,20200927,0
lva,20201004,4
lva,20201011,3
lva,20201018,6
lva,20201025,8
lva,20201101,19
lva,20201108,22
lva,20201115,24
lva,20201122,40
lva,20201129,80
lva,20201206,93
lva,20201213,105
lva,20201220,90
lva,20201227,90
lva,20210103,109
lva,20210110,116
lva,20210117,148
lva,20210124,158
lva,20210131,160
lva,20210207,152
lva,20210214,153
lva,20210221,123
lva,20210228,120
lva,20210307,116
lva,20210314,124
lva,20210321,104
lva,20210328,116
lva,20210404,127
lva,20210411,133
lva,20210418,127
lva,20210425,124
lva,20210502,138
lva,20210509,131
lva,20210516,129
lva,20210523,120
lva,20210530,114
lva,20210606,86
lva,20210613,84
lva,20210620,76
lva,20210627,52
lva,20210704,47
lva,20210711,23
lva,20210718,23
lva,20210725,14
lva,20210801,13
lva,20210808,19
lva,20210815,19
lva,20210822,16
lva,20210829,29
lva,20210905,42
lva,20210912,41
lva,20210919,63
lva,20210926,87
lva,20211003,108
lva,20211010,130
lva,20211017,192
lva,20211024,231
lva,20211031,297
lva,20211107,413
lva,20211114,390
lva,20211121,312
lva,20211128,265
lva,20211205,206
lva,20211212,168
mlt,20200920,5
mlt,20200927,4
mlt,20201004,4
mlt,20201011,4
mlt,20201018,6
mlt,20201025,9
mlt,20201101,5
mlt,20201108,3
mlt,20201115,7
mlt,20201122,4
mlt,20201129,9
mlt,20201206,4
mlt,20201213,4
mlt,20201220,4
mlt,20201227,4
mlt,20210103,8
mlt,20210110,1
mlt,20210117,6
mlt,20210124,4
mlt,20210131,5
mlt,20210207,6
mlt,20210214,5
mlt,20210221,10
mlt,20210228,9
mlt,20210307,6
mlt,20210314,14
mlt,20210321,7
mlt,20210328,1
mlt,20210411,7
mlt,20210425,3
mlt,20210502,1
mlt,20210509,2
mlt,20210516,2
mlt,20210704,1
mlt,20210711,1
mlt,20210801,5
mlt,20210808,1
mlt,20210815,4
mlt,20210822,2
mlt,20210829,2
mlt,20210905,2
mlt,20210912,2
mlt,20210919,1
mlt,20210926,3
mlt,20211010,1
mlt,20211024,4
mlt,20211114,1
mlt,20211121,1
mlt,20211205,2
mlt,20211212,3
nld,20200301,2
nld,20200308,18
nld,20200315,110
nld,20200322,420
nld,20200329,739
nld,20200405,620
nld,20200412,338
nld,20200419,197
nld,20200426,123
nld,20200503,85
nld,20200510,44
nld,20200517,34
nld,20200524,24
nld,20200531,16
nld,20200607,24
nld,20200614,10
nld,20200621,6
nld,20200628,5
nld,20200705,5
nld,20200712,6
nld,20200719,3
nld,20200726,9
nld,20200802,14
nld,20200809,18
nld,20200816,26
nld,20200823,28
nld,20200830,15
nld,20200906,17
nld,20200913,31
nld,20200920,52
nld,20200927,94
nld,20201004,118
nld,20201011,184
nld,20201018,271
nld,20201025,334
nld,20201101,334
nld,20201108,281
nld,20201115,239
nld,20201122,206
nld,20201129,185
nld,20201206,197
nld,20201213,223
nld,20201220,284
nld,20201227,289
nld,20210103,331
nld,20210110,296
nld,20210117,252
nld,20210124,239
nld,20210131,249
nld,20210207,171
nld,20210214,189
nld,20210221,239
nld,20210228,222
nld,20210307,268
nld,20210314,265
nld,20210321,316
nld,20210328,308
nld,20210404,371
nld,20210411,377
nld,20210418,366
nld,20210425,365
nld,20210502,378
nld,20210509,307
nld,20210516,231
nld,20210523,184
nld,20210530,114
nld,20210606,51
nld,20210613,40
nld,20210620,33
nld,20210627,18
nld,20210704,9
nld,20210711,12
nld,20210718,34
nld,20210725,113
nld,20210801,129
nld,20210808,119
nld,20210815,91
nld,20210822,95
nld,20210829,94
nld,20210905,91
nld,20210912,78
nld,20210919,67
nld,20210926,56
nld,20211003,43
nld,20211010,69
nld,20211017,79
nld,20211024,115
nld,20211031,142
nld,20211107,206
nld,20211114,225
nld,20211121,297
nld,20211128,370
nld,20211205,342
nld,20211212,328
nor,20200301,0
nor,20200308,0
nor,20200315,11
nor,20200322,45
nor,20200329,78
nor,20200405,37
nor,20200412,12
nor,20200419,15
nor,20200426,13
nor,20200503,3
nor,20200510,4
nor,20200517,3
nor,20200524,1
nor,20200531,1
nor,20200607,0
nor,20200614,4
nor,20200621,2
nor,20200628,0
nor,20200705,1
nor,20200712,1
nor,20200719,1
nor,20200726,1
nor,20200802,0
nor,20200809,1
nor,20200816,1
nor,20200823,1
nor,20200830,1
nor,20200906,1
nor,20200913,2
nor,20200920,2
nor,20200927,3
nor,20201004,3
nor,20201011,2
nor,20201018,6
nor,20201025,4
nor,20201101,5
nor,20201108,17
nor,20201115,17
nor,20201122,24
nor,20201129,14
nor,20201206,19
nor,20201213,20
nor,20201220,14
nor,20201227,14
nor,20210103,11
nor,20210110,22
nor,20210117,15
nor,20210124,12
nor,20210131,9
nor,20210207,10
nor,20210214,8
nor,20210221,8
nor,20210228,12
nor,20210307,18
nor,20210314,31
nor,20210321,48
nor,20210328,54
nor,20210404,56
nor,20210411,33
nor,20210418,33
nor,20210425,30
nor,20210502,13
nor,20210509,12
nor,20210516,13
nor,20210523,13
nor,20210530,10
nor,20210606,8
nor,20210613,3
nor,20210620,0
nor,20210627,5
nor,20210704,2
nor,20210711,5
nor,20210718,5
nor,20210725,3
nor,20210801,3
nor,20210808,5
nor,20210815,3
nor,20210822,6
nor,20210829,7
nor,20210905,18
nor,20210912,23
nor,20210919,11
nor,20210926,17
nor,20211003,10
nor,20211010,14
nor,20211017,17
nor,20211024,11
nor,20211031,22
nor,20211107,38
nor,20211114,26
nor,20211121,24
nor,20211128,45
nor,20211205,48
nor,20211212,64
svn,20200322,8
svn,20200329,18
svn,20200405,13
svn,20200412,13
svn,20200419,8
svn,20200426,4
svn,20200503,4
svn,20200510,0
svn,20200517,0
svn,20200524,1
svn,20200531,0
svn,20200607,0
svn,20200614,0
svn,20200621,1
svn,20200628,3
svn,20200705,0
svn,20200712,1
svn,20200719,3
svn,20200726,2
svn,20200802,2
svn,20200809,3
svn,20200816,1
svn,20200823,0
svn,20200830,3
svn,20200906,2
svn,20200913,4
svn,20200920,11
svn,20200927,14
svn,20201004,6
svn,20201011,27
svn,20201018,42
svn,20201025,57
svn,20201101,112
svn,20201108,126
svn,20201115,127
svn,20201122,123
svn,20201129,119
svn,20201206,120
svn,20201213,134
svn,20201220,108
svn,20201227,110
svn,20210103,105
svn,20210110,110
svn,20210117,98
svn,20210124,94
svn,20210131,79
svn,20210207,70
svn,20210214,56
svn,20210221,46
svn,20210228,57
svn,20210307,37
svn,20210314,53
svn,20210321,52
svn,20210328,61
svn,20210404,93
svn,20210411,80
svn,20210418,73
svn,20210425,77
svn,20210502,65
svn,20210509,62
svn,20210516,42
svn,20210523,49
svn,20210530,26
svn,20210606,14
svn,20210613,19
svn,20210620,14
svn,20210627,3
svn,20210704,2
svn,20210711,3
svn,20210718,2
svn,20210725,2
svn,20210801,3
svn,20210808,4
svn,20210815,5
svn,20210822,15
svn,20210829,17
svn,20210905,31
svn,20210912,48
svn,20210919,57
svn,20210926,57
svn,20211003,66
svn,20211010,61
svn,20211017,56
svn,20211024,65
svn,20211031,90
svn,20211107,123
svn,20211114,144
svn,20211121,160
svn,20211128,160
svn,20211205,135
svn,20211212,104
swe,20200308,3
swe,20200315,16
swe,20200322,85
swe,20200329,233
swe,20200405,272
swe,20200412,280
swe,20200419,244
swe,20200426,233
swe,20200503,185
swe,20200510,153
swe,20200517,121
swe,20200524,109
swe,20200531,120
swe,20200607,121
swe,20200614,90
swe,20200621,73
swe,20200628,55
swe,20200705,33
swe,20200712,14
swe,20200719,14
swe,20200726,12
swe,20200802,11
swe,20200809,16
swe,20200816,13
swe,20200823,8
swe,20200830,7
swe,20200906,8
swe,20200913,8
swe,20200920,7
swe,20200927,8
swe,20201004,14
swe,20201011,22
swe,20201018,19
swe,20201025,36
swe,20201101,57
swe,20201108,108
swe,20201115,115
swe,20201122,151
swe,20201129,167
swe,20201206,163
swe,20201213,161
swe,20201220,184
swe,20201227,203
swe,20210103,228
swe,20210110,182
swe,20210117,151
swe,20210124,123
swe,20210131,107
swe,20210207,102
swe,20210214,103
swe,20210221,107
swe,20210228,131
swe,20210307,133
swe,20210314,147
swe,20210321,163
swe,20210328,172
swe,20210404,214
swe,20210411,245
swe,20210418,241
swe,20210425,208
swe,20210502,203
swe,20210509,178
swe,20210516,116
swe,20210523,86
swe,20210530,59
swe,20210606,29
swe,20210613,31
swe,20210620,11
swe,20210627,14
swe,20210704,4
swe,20210711,7
swe,20210718,10
swe,20210725,6
swe,20210801,13
swe,20210808,19
swe,20210815,22
swe,20210822,23
swe,20210829,35
swe,20210905,46
swe,20210912,29
swe,20210919,24
swe,20210926,21
swe,20211003,17
swe,20211010,15
swe,20211017,14
swe,20211024,15
swe,20211031,16
swe,20211107,18
swe,20211114,21
swe,20211121,13
swe,20211128,32
swe,20211205,30
swe,20211212,41
