geo,time,weekly_icu_admissions_smoothed
cyp,20200322,6
cyp,20200329,11
cyp,20200405,10.33333
cyp,20200412,9.75
cyp,20200419,8.4
cyp,20200426,7.33333
cyp,20200503,6.42857
cyp,20200510,5.71429
cyp,20200802,3.57143
cyp,20200809,2.42857
cyp,20200823,1.42857
cyp,20200913,1.14286
cyp,20200927,1.14286
cyp,20201004,1.42857
cyp,20201018,1.42857
cyp,20201025,1.85714
cyp,20201101,2.14286
cyp,20201108,2.85714
cyp,20201115,4.57143
cyp,20201122,5.14286
cyp,20201129,5.85714
cyp,20201206,7.14286
cyp,20201213,7.57143
cyp,20201220,9.28571
cyp,20201227,11.42857
cyp,20210103,11.28571
cyp,20210110,13.57143
cyp,20210117,16.28571
cyp,20210124,17.14286
cyp,20210131,17.42857
cyp,20210207,16.28571
cyp,20210214,14.85714
cyp,20210221,14.57143
cyp,20210228,11.85714
cyp,20210307,9.28571
cyp,20210314,10.42857
cyp,20210321,11.71429
cyp,20210328,14.14286
cyp,20210404,15.57143
cyp,20210411,17.57143
cyp,20210418,21
cyp,20210425,23.14286
cyp,20210502,22.85714
cyp,20210509,22.85714
cyp,20210516,21.71429
cyp,20210523,20.57143
cyp,20210530,17.85714
cyp,20210606,14.14286
cyp,20210613,11.42857
cyp,20210620,9.42857
cyp,20210627,7.14286
cyp,20210704,6.42857
cyp,20210711,6
cyp,20210718,8.42857
cyp,20210725,12
cyp,20210801,15.71429
cyp,20210808,19
cyp,20210815,23.14286
cyp,20210822,24.28571
cyp,20210829,24.42857
cyp,20210905,22.57143
cyp,20210912,20.85714
cyp,20210919,18.28571
cyp,20210926,16
cyp,20211003,12.28571
cyp,20211010,10.14286
cyp,20211017,9.42857
cyp,20211024,9.14286
cyp,20211031,8.42857
cyp,20211107,7.28571
cyp,20211114,6.85714
cyp,20211121,7.57143
cyp,20211128,8.85714
cyp,20211205,10.28571
cyp,20211212,11.71429
cyp,20211219,13.57143
cyp,20211226,15.71429
cyp,20220102,16.71429
cyp,20220109,17.85714
cze,20200307,0
cze,20200308,0
cze,20200309,0
cze,20200310,0
cze,20200311,0
cze,20200312,0
cze,20200313,0
cze,20200314,0
cze,20200315,0
cze,20200316,0.42857
cze,20200317,1.42857
cze,20200318,2.57143
cze,20200319,3.85714
cze,20200320,5.85714
cze,20200321,8.14286
cze,20200322,11.71429
cze,20200323,15.14286
cze,20200324,18.42857
cze,20200325,23
cze,20200326,28.14286
cze,20200327,32.42857
cze,20200328,37.42857
cze,20200329,40.42857
cze,20200330,44
cze,20200331,47.14286
cze,20200401,48.42857
cze,20200402,48.85714
cze,20200403,49.85714
cze,20200404,48.71429
cze,20200405,48.28571
cze,20200406,46.42857
cze,20200407,45
cze,20200408,43.42857
cze,20200409,41.85714
cze,20200410,39.28571
cze,20200411,38.28571
cze,20200412,37.28571
cze,20200413,35.85714
cze,20200414,32.57143
cze,20200415,29.71429
cze,20200416,27.14286
cze,20200417,25.28571
cze,20200418,22.85714
cze,20200419,20.71429
cze,20200420,20.42857
cze,20200421,22.28571
cze,20200422,24.14286
cze,20200423,25.57143
cze,20200424,26.57143
cze,20200425,27.42857
cze,20200426,27.42857
cze,20200427,26
cze,20200428,23.14286
cze,20200429,20.28571
cze,20200430,17.42857
cze,20200501,14.71429
cze,20200502,12.42857
cze,20200503,10.42857
cze,20200504,9.14286
cze,20200505,8.57143
cze,20200506,8
cze,20200507,8
cze,20200508,8.42857
cze,20200509,8.42857
cze,20200510,8.85714
cze,20200511,8.85714
cze,20200512,9.14286
cze,20200513,9.85714
cze,20200514,9.85714
cze,20200515,9.28571
cze,20200516,9.28571
cze,20200517,9
cze,20200518,9.14286
cze,20200519,8.71429
cze,20200520,7.85714
cze,20200521,7.42857
cze,20200522,7.14286
cze,20200523,6.42857
cze,20200524,6
cze,20200525,5.28571
cze,20200526,4.85714
cze,20200527,4.42857
cze,20200528,4
cze,20200529,3.85714
cze,20200530,3.85714
cze,20200531,3.57143
cze,20200601,3.28571
cze,20200602,3
cze,20200603,2.85714
cze,20200604,2.85714
cze,20200605,2.57143
cze,20200606,2.28571
cze,20200607,2.28571
cze,20200608,2.42857
cze,20200609,2.71429
cze,20200610,3.14286
cze,20200611,3.42857
cze,20200612,3.85714
cze,20200613,4.14286
cze,20200614,4.28571
cze,20200615,4.42857
cze,20200616,4.28571
cze,20200617,4.14286
cze,20200618,4.14286
cze,20200619,4.14286
cze,20200620,4.28571
cze,20200621,4.28571
cze,20200622,4.42857
cze,20200623,4.71429
cze,20200624,4.71429
cze,20200625,4.57143
cze,20200626,4.42857
cze,20200627,4.42857
cze,20200628,4.57143
cze,20200629,4.71429
cze,20200630,4.85714
cze,20200701,5.28571
cze,20200702,5.42857
cze,20200703,5.71429
cze,20200704,5.85714
cze,20200705,6.14286
cze,20200706,6
cze,20200707,6.28571
cze,20200708,6.42857
cze,20200709,7
cze,20200710,7.42857
cze,20200711,7.71429
cze,20200712,7.71429
cze,20200713,8
cze,20200714,7.42857
cze,20200715,6.57143
cze,20200716,5.71429
cze,20200717,4.71429
cze,20200718,3.85714
cze,20200719,3.28571
cze,20200720,2.71429
cze,20200721,2.57143
cze,20200722,2.71429
cze,20200723,2.57143
cze,20200724,2.71429
cze,20200725,2.85714
cze,20200726,2.85714
cze,20200727,3.14286
cze,20200728,3.42857
cze,20200729,3.85714
cze,20200730,4.42857
cze,20200731,4.85714
cze,20200801,5.28571
cze,20200802,5.57143
cze,20200803,5.42857
cze,20200804,5.57143
cze,20200805,5.57143
cze,20200806,5.42857
cze,20200807,5.42857
cze,20200808,5.57143
cze,20200809,6.57143
cze,20200810,7.71429
cze,20200811,8.42857
cze,20200812,9.28571
cze,20200813,10.57143
cze,20200814,11.57143
cze,20200815,12.42857
cze,20200816,11.85714
cze,20200817,11.28571
cze,20200818,10.85714
cze,20200819,10.14286
cze,20200820,9
cze,20200821,8.28571
cze,20200822,7.42857
cze,20200823,7.28571
cze,20200824,7.57143
cze,20200825,7.71429
cze,20200826,8.14286
cze,20200827,8.71429
cze,20200828,8.85714
cze,20200829,9.85714
cze,20200830,11.28571
cze,20200831,12.14286
cze,20200901,13.85714
cze,20200902,15.57143
cze,20200903,18
cze,20200904,20.85714
cze,20200905,22.57143
cze,20200906,24
cze,20200907,25.71429
cze,20200908,26.42857
cze,20200909,27.57143
cze,20200910,27.28571
cze,20200911,27
cze,20200912,27.57143
cze,20200913,28.42857
cze,20200914,29.42857
cze,20200915,31.85714
cze,20200916,33.57143
cze,20200917,37.57143
cze,20200918,42.28571
cze,20200919,47.85714
cze,20200920,53.71429
cze,20200921,60.42857
cze,20200922,66.85714
cze,20200923,74.85714
cze,20200924,82.28571
cze,20200925,89.14286
cze,20200926,94.71429
cze,20200927,99.57143
cze,20200928,104.57143
cze,20200929,108.42857
cze,20200930,111.85714
cze,20201001,115.42857
cze,20201002,118.85714
cze,20201003,124.85714
cze,20201004,133
cze,20201005,141.85714
cze,20201006,155.14286
cze,20201007,171.14286
cze,20201008,186.57143
cze,20201009,205.14286
cze,20201010,222.28571
cze,20201011,238
cze,20201012,254.14286
cze,20201013,267.14286
cze,20201014,277.28571
cze,20201015,290
cze,20201016,300.85714
cze,20201017,310.57143
cze,20201018,323.85714
cze,20201019,336.57143
cze,20201020,351.85714
cze,20201021,371
cze,20201022,391.85714
cze,20201023,413.85714
cze,20201024,441.57143
cze,20201025,468.28571
cze,20201026,499.85714
cze,20201027,529.14286
cze,20201028,550.71429
cze,20201029,571.14286
cze,20201030,590
cze,20201031,602
cze,20201101,609.85714
cze,20201102,608.71429
cze,20201103,607.57143
cze,20201104,609.14286
cze,20201105,603.42857
cze,20201106,598.14286
cze,20201107,590.85714
cze,20201108,582.28571
cze,20201109,572
cze,20201110,556.14286
cze,20201111,538.57143
cze,20201112,521.85714
cze,20201113,498.71429
cze,20201114,478.14286
cze,20201115,455.28571
cze,20201116,436.71429
cze,20201117,419.42857
cze,20201118,405.28571
cze,20201119,391.85714
cze,20201120,381.14286
cze,20201121,371.28571
cze,20201122,366.28571
cze,20201123,357.42857
cze,20201124,352
cze,20201125,344.28571
cze,20201126,336.42857
cze,20201127,329.28571
cze,20201128,320.42857
cze,20201129,310.14286
cze,20201130,303.42857
cze,20201201,294.42857
cze,20201202,286.85714
cze,20201203,282.71429
cze,20201204,281.57143
cze,20201205,280.28571
cze,20201206,281.71429
cze,20201207,284.42857
cze,20201208,288.57143
cze,20201209,290.57143
cze,20201210,291.42857
cze,20201211,290.85714
cze,20201212,294.14286
cze,20201213,295.85714
cze,20201214,295.57143
cze,20201215,296.71429
cze,20201216,302.85714
cze,20201217,308.14286
cze,20201218,312.42857
cze,20201219,315
cze,20201220,317.42857
cze,20201221,320.28571
cze,20201222,325.71429
cze,20201223,328.28571
cze,20201224,332.42857
cze,20201225,339.28571
cze,20201226,348.14286
cze,20201227,360.71429
cze,20201228,379.71429
cze,20201229,398.85714
cze,20201230,419.85714
cze,20201231,445.14286
cze,20210101,469.85714
cze,20210102,493.14286
cze,20210103,513.28571
cze,20210104,530
cze,20210105,542.42857
cze,20210106,553.57143
cze,20210107,556.85714
cze,20210108,560
cze,20210109,562
cze,20210110,563.85714
cze,20210111,557.57143
cze,20210112,549.85714
cze,20210113,539
cze,20210114,531.42857
cze,20210115,523
cze,20210116,513.28571
cze,20210117,499.71429
cze,20210118,490.42857
cze,20210119,482.57143
cze,20210120,476.42857
cze,20210121,467.14286
cze,20210122,457.71429
cze,20210123,447
cze,20210124,439.28571
cze,20210125,431.28571
cze,20210126,423.85714
cze,20210127,415
cze,20210128,409.71429
cze,20210129,405.57143
cze,20210130,405.85714
cze,20210131,408.28571
cze,20210201,412.71429
cze,20210202,416.71429
cze,20210203,423.28571
cze,20210204,430.42857
cze,20210205,434.85714
cze,20210206,438.85714
cze,20210207,441.14286
cze,20210208,445
cze,20210209,447.85714
cze,20210210,454.14286
cze,20210211,460
cze,20210212,466.57143
cze,20210213,468.14286
cze,20210214,469.85714
cze,20210215,468.85714
cze,20210216,474.28571
cze,20210217,475
cze,20210218,473.71429
cze,20210219,475.42857
cze,20210220,483.28571
cze,20210221,492.28571
cze,20210222,507.71429
cze,20210223,518.85714
cze,20210224,533.28571
cze,20210225,553.14286
cze,20210226,570.42857
cze,20210227,590.42857
cze,20210228,611.28571
cze,20210301,627.14286
cze,20210302,645.14286
cze,20210303,662.42857
cze,20210304,673.57143
cze,20210305,686.85714
cze,20210306,692.85714
cze,20210307,697.14286
cze,20210308,701.71429
cze,20210309,699.85714
cze,20210310,697.28571
cze,20210311,693.85714
cze,20210312,688.14286
cze,20210313,684.57143
cze,20210314,678.28571
cze,20210315,667.71429
cze,20210316,663.42857
cze,20210317,654.57143
cze,20210318,648
cze,20210319,640.57143
cze,20210320,628.42857
cze,20210321,618
cze,20210322,611.71429
cze,20210323,598.57143
cze,20210324,587.85714
cze,20210325,577.42857
cze,20210326,565.71429
cze,20210327,559.85714
cze,20210328,553.14286
cze,20210329,541.85714
cze,20210330,532.42857
cze,20210331,521
cze,20210401,507.42857
cze,20210402,495.57143
cze,20210403,480.57143
cze,20210404,464.71429
cze,20210405,445.85714
cze,20210406,437.28571
cze,20210407,430
cze,20210408,423
cze,20210409,413.28571
cze,20210410,403.85714
cze,20210411,395.85714
cze,20210412,397.42857
cze,20210413,379.28571
cze,20210414,361.71429
cze,20210415,343
cze,20210416,329.57143
cze,20210417,317.28571
cze,20210418,304.14286
cze,20210419,287.57143
cze,20210420,283.42857
cze,20210421,278.57143
cze,20210422,276.57143
cze,20210423,271.28571
cze,20210424,263.85714
cze,20210425,258.57143
cze,20210426,249.71429
cze,20210427,237.85714
cze,20210428,228.42857
cze,20210429,218.85714
cze,20210430,210.42857
cze,20210501,204.42857
cze,20210502,196.28571
cze,20210503,192.85714
cze,20210504,191.57143
cze,20210505,187.57143
cze,20210506,181.71429
cze,20210507,174.28571
cze,20210508,166.57143
cze,20210509,160.85714
cze,20210510,153.28571
cze,20210511,145.28571
cze,20210512,138.71429
cze,20210513,133.42857
cze,20210514,129.42857
cze,20210515,125.28571
cze,20210516,119.28571
cze,20210517,112.14286
cze,20210518,104.71429
cze,20210519,96.71429
cze,20210520,88.71429
cze,20210521,82.28571
cze,20210522,76.57143
cze,20210523,72.14286
cze,20210524,70.42857
cze,20210525,68
cze,20210526,67.28571
cze,20210527,67.42857
cze,20210528,64.85714
cze,20210529,61
cze,20210530,57.85714
cze,20210531,54
cze,20210601,51.85714
cze,20210602,48.85714
cze,20210603,44.85714
cze,20210604,43
cze,20210605,42
cze,20210606,39.71429
cze,20210607,36.71429
cze,20210608,33.57143
cze,20210609,30.42857
cze,20210610,28.42857
cze,20210611,25.42857
cze,20210612,23
cze,20210613,21.28571
cze,20210614,20.57143
cze,20210615,19.42857
cze,20210616,18.42857
cze,20210617,16.85714
cze,20210618,16.28571
cze,20210619,15.14286
cze,20210620,14.28571
cze,20210621,12.85714
cze,20210622,11.71429
cze,20210623,10.57143
cze,20210624,9.71429
cze,20210625,8.57143
cze,20210626,7.57143
cze,20210627,6.28571
cze,20210628,6
cze,20210629,6.14286
cze,20210630,6.85714
cze,20210701,7.42857
cze,20210702,7.71429
cze,20210703,8.14286
cze,20210704,8.71429
cze,20210705,9.14286
cze,20210706,9
cze,20210707,8.42857
cze,20210708,8
cze,20210709,8
cze,20210710,8.14286
cze,20210711,8.42857
cze,20210712,7.85714
cze,20210713,7.57143
cze,20210714,7.71429
cze,20210715,7.85714
cze,20210716,7.85714
cze,20210717,7.57143
cze,20210718,7.14286
cze,20210719,7.42857
cze,20210720,8
cze,20210721,8
cze,20210722,8
cze,20210723,8
cze,20210724,8.14286
cze,20210725,8.28571
cze,20210726,8.28571
cze,20210727,7.85714
cze,20210728,7.71429
cze,20210729,7.85714
cze,20210730,8.14286
cze,20210731,8.42857
cze,20210801,8.71429
cze,20210802,8.85714
cze,20210803,9.28571
cze,20210804,9.71429
cze,20210805,9.42857
cze,20210806,9.14286
cze,20210807,9
cze,20210808,8.85714
cze,20210809,9.14286
cze,20210810,9.42857
cze,20210811,9.85714
cze,20210812,10.85714
cze,20210813,11.28571
cze,20210814,11.42857
cze,20210815,11.57143
cze,20210816,11.42857
cze,20210817,10.71429
cze,20210818,9.85714
cze,20210819,9
cze,20210820,8.85714
cze,20210821,9
cze,20210822,9.14286
cze,20210823,9.14286
cze,20210824,9.85714
cze,20210825,10.85714
cze,20210826,11.57143
cze,20210827,11.85714
cze,20210828,12
cze,20210829,12
cze,20210830,12.14286
cze,20210831,11.71429
cze,20210901,10.71429
cze,20210902,10
cze,20210903,9.85714
cze,20210904,9.71429
cze,20210905,10
cze,20210906,10.85714
cze,20210907,12.28571
cze,20210908,13.85714
cze,20210909,15.14286
cze,20210910,15.71429
cze,20210911,16.28571
cze,20210912,16.71429
cze,20210913,16.57143
cze,20210914,16.57143
cze,20210915,16.85714
cze,20210916,17.71429
cze,20210917,18.85714
cze,20210918,19.85714
cze,20210919,20.85714
cze,20210920,21.71429
cze,20210921,21.85714
cze,20210922,21.71429
cze,20210923,21
cze,20210924,20.71429
cze,20210925,21.57143
cze,20210926,21.85714
cze,20210927,22.14286
cze,20210928,22.85714
cze,20210929,23.85714
cze,20210930,25.28571
cze,20211001,26
cze,20211002,25.14286
cze,20211003,25.42857
cze,20211004,26.42857
cze,20211005,28.14286
cze,20211006,32.14286
cze,20211007,35.71429
cze,20211008,39.71429
cze,20211009,44.71429
cze,20211010,48.71429
cze,20211011,54
cze,20211012,58.57143
cze,20211013,59
cze,20211014,60.42857
cze,20211015,62.14286
cze,20211016,63.14286
cze,20211017,64.71429
cze,20211018,64
cze,20211019,63.42857
cze,20211020,66
cze,20211021,68
cze,20211022,71.14286
cze,20211023,76.71429
cze,20211024,83.71429
cze,20211025,91
cze,20211026,98.28571
cze,20211027,106
cze,20211028,113.85714
cze,20211029,121.28571
cze,20211030,127
cze,20211031,131
cze,20211101,137.85714
cze,20211102,147.42857
cze,20211103,154.28571
cze,20211104,162.71429
cze,20211105,171.85714
cze,20211106,182.14286
cze,20211107,194.42857
cze,20211108,205.28571
cze,20211109,214.71429
cze,20211110,227
cze,20211111,238.14286
cze,20211112,247.57143
cze,20211113,256.71429
cze,20211114,265.28571
cze,20211115,272.71429
cze,20211116,278.14286
cze,20211117,286
cze,20211118,297.14286
cze,20211119,309.71429
cze,20211120,322.57143
cze,20211121,336.28571
cze,20211122,352.57143
cze,20211123,372.71429
cze,20211124,385.85714
cze,20211125,394.42857
cze,20211126,405.28571
cze,20211127,415.71429
cze,20211128,421.14286
cze,20211129,427
cze,20211130,428.42857
cze,20211201,433
cze,20211202,437
cze,20211203,434.85714
cze,20211204,428.57143
cze,20211205,426
cze,20211206,415.85714
cze,20211207,404.28571
cze,20211208,391.28571
cze,20211209,378.28571
cze,20211210,364.85714
cze,20211211,354.71429
cze,20211212,342.57143
cze,20211213,336
cze,20211214,331.85714
cze,20211215,327.14286
cze,20211216,320.85714
cze,20211217,318.42857
cze,20211218,312.42857
cze,20211219,306.42857
cze,20211220,297.57143
cze,20211221,288.28571
cze,20211222,280.42857
cze,20211223,276.28571
cze,20211224,266
cze,20211225,259.14286
cze,20211226,253.28571
cze,20211227,250.28571
cze,20211228,247.71429
cze,20211229,245
cze,20211230,240
cze,20211231,240.85714
cze,20220101,243
cze,20220102,243.14286
cze,20220103,238.14286
cze,20220104,231.85714
cze,20220105,222.71429
cze,20220106,214.14286
cze,20220107,205
cze,20220108,193
cze,20220109,181.71429
cze,20220110,173.28571
cze,20220111,165
cze,20220112,159.28571
cze,20220113,151.85714
cze,20220114,141.85714
cze,20220115,130.42857
deu,20210804,171
deu,20210805,175.5
deu,20210806,175.33333
deu,20210807,174.75
deu,20210808,175.6
deu,20210809,178.16667
deu,20210810,180.85714
deu,20210811,187.28571
deu,20210812,194.42857
deu,20210813,204.28571
deu,20210814,216.85714
deu,20210815,230.85714
deu,20210816,246.14286
deu,20210817,263.14286
deu,20210818,279.28571
deu,20210819,295.57143
deu,20210820,312.71429
deu,20210821,328.71429
deu,20210822,346.71429
deu,20210823,364.42857
deu,20210824,381.71429
deu,20210825,398.85714
deu,20210826,419.42857
deu,20210827,439.28571
deu,20210828,459.85714
deu,20210829,477.28571
deu,20210830,495.28571
deu,20210831,515.42857
deu,20210901,538.57143
deu,20210902,557.42857
deu,20210903,577.14286
deu,20210904,597
deu,20210905,619.28571
deu,20210906,641.71429
deu,20210907,662.14286
deu,20210908,676.71429
deu,20210909,688.71429
deu,20210910,697.42857
deu,20210911,705.14286
deu,20210912,709.14286
deu,20210913,711.28571
deu,20210914,707.14286
deu,20210915,706.57143
deu,20210916,707.42857
deu,20210917,705.71429
deu,20210918,702.14286
deu,20210919,693.71429
deu,20210920,676.57143
deu,20210921,662.71429
deu,20210922,640.71429
deu,20210923,617.14286
deu,20210924,597.14286
deu,20210925,575.57143
deu,20210926,562
deu,20210927,557
deu,20210928,552
deu,20210929,554.42857
deu,20210930,557
deu,20211001,557.71429
deu,20211002,558.71429
deu,20211003,554.71429
deu,20211004,547.85714
deu,20211005,542.71429
deu,20211006,536.28571
deu,20211007,533.42857
deu,20211008,531
deu,20211009,531.71429
deu,20211010,537.28571
deu,20211011,547.57143
deu,20211012,555
deu,20211013,563.85714
deu,20211014,568.57143
deu,20211015,577.28571
deu,20211016,586.28571
deu,20211017,593.42857
deu,20211018,600
deu,20211019,615.71429
deu,20211020,630
deu,20211021,652.14286
deu,20211022,675.28571
deu,20211023,700.14286
deu,20211024,728.71429
deu,20211025,757.85714
deu,20211026,786.28571
deu,20211027,820.28571
deu,20211028,853.71429
deu,20211029,887.28571
deu,20211030,921.57143
deu,20211031,954.28571
deu,20211101,989.42857
deu,20211102,1023.14286
deu,20211103,1059
deu,20211104,1094.42857
deu,20211105,1132.57143
deu,20211106,1174.85714
deu,20211107,1228.14286
deu,20211108,1284.71429
deu,20211109,1343.85714
deu,20211110,1402.14286
deu,20211111,1458.85714
deu,20211112,1519.42857
deu,20211113,1580.85714
deu,20211114,1630
deu,20211115,1676.57143
deu,20211116,1722.71429
deu,20211117,1766.71429
deu,20211118,1819.57143
deu,20211119,1861.71429
deu,20211120,1894
deu,20211121,1929.71429
deu,20211122,1968
deu,20211123,2008.14286
deu,20211124,2054.71429
deu,20211125,2104.42857
deu,20211126,2159
deu,20211127,2221.71429
deu,20211128,2283.57143
deu,20211129,2336.28571
deu,20211130,2373.42857
deu,20211201,2399.71429
deu,20211202,2397.57143
deu,20211203,2388.28571
deu,20211204,2364.28571
deu,20211205,2331.85714
deu,20211206,2298
deu,20211207,2273.42857
deu,20211208,2245.42857
deu,20211209,2234.28571
deu,20211210,2222.57143
deu,20211211,2222
deu,20211212,2224.57143
deu,20211213,2227.85714
deu,20211214,2228.42857
deu,20211215,2230.14286
deu,20211216,2222.14286
deu,20211217,2216.28571
deu,20211218,2199
deu,20211219,2174.28571
deu,20211220,2144.57143
deu,20211221,2105.57143
deu,20211222,2059
deu,20211223,2009.42857
deu,20211224,1951.28571
deu,20211225,1901.85714
deu,20211226,1856.71429
deu,20211227,1811.57143
deu,20211228,1766.71429
deu,20211229,1723.14286
deu,20211230,1682.57143
deu,20211231,1644.42857
deu,20220101,1603.85714
deu,20220102,1564.57143
deu,20220103,1525.28571
deu,20220104,1493
deu,20220105,1466.14286
deu,20220106,1444.28571
deu,20220107,1433.28571
deu,20220108,1416.57143
deu,20220109,1397.57143
deu,20220110,1378
deu,20220111,1354.28571
deu,20220112,1325.28571
deu,20220113,1294.28571
deu,20220114,1250.57143
deu,20220115,1210.57143
deu,20220116,1174.14286
esp,20200807,267
esp,20200808,274.5
esp,20200809,276
esp,20200810,278.25
esp,20200811,282.8
esp,20200812,288.66667
esp,20200813,293.85714
esp,20200814,303.85714
esp,20200815,313
esp,20200816,324.42857
esp,20200817,337.71429
esp,20200818,351.71429
esp,20200819,366.57143
esp,20200820,381.28571
esp,20200821,396.14286
esp,20200822,411.28571
esp,20200823,429.14286
esp,20200824,448.14286
esp,20200825,463.28571
esp,20200826,476.57143
esp,20200827,489.85714
esp,20200828,503
esp,20200829,516.85714
esp,20200830,523.71429
esp,20200831,527
esp,20200901,536.42857
esp,20200902,545.85714
esp,20200903,560.28571
esp,20200904,572.57143
esp,20200905,582.14286
esp,20200906,597
esp,20200907,613
esp,20200908,622.71429
esp,20200909,631.28571
esp,20200910,631.57143
esp,20200911,636
esp,20200912,642.85714
esp,20200913,647.85714
esp,20200914,652.71429
esp,20200915,659.28571
esp,20200916,668.71429
esp,20200917,680.14286
esp,20200918,687.14286
esp,20200919,693.14286
esp,20200920,700.28571
esp,20200921,705.14286
esp,20200922,710.85714
esp,20200923,711.42857
esp,20200924,715.85714
esp,20200925,724.42857
esp,20200926,734.42857
esp,20200927,739.71429
esp,20200928,749
esp,20200929,755
esp,20200930,766.71429
esp,20201001,774.28571
esp,20201002,775.42857
esp,20201003,770.42857
esp,20201004,766.71429
esp,20201005,755.57143
esp,20201006,746.28571
esp,20201007,731.14286
esp,20201008,717.85714
esp,20201009,706
esp,20201010,696.57143
esp,20201011,689.57143
esp,20201012,688
esp,20201013,689.14286
esp,20201014,696.42857
esp,20201015,704.42857
esp,20201016,722.57143
esp,20201017,751.57143
esp,20201018,785.14286
esp,20201019,827
esp,20201020,871.57143
esp,20201021,915.28571
esp,20201022,963.85714
esp,20201023,1007.71429
esp,20201024,1046.14286
esp,20201025,1084
esp,20201026,1116.85714
esp,20201027,1151.57143
esp,20201028,1189
esp,20201029,1225.71429
esp,20201030,1266.28571
esp,20201031,1310.85714
esp,20201101,1356.28571
esp,20201102,1401.85714
esp,20201103,1441.57143
esp,20201104,1477.28571
esp,20201105,1507.85714
esp,20201106,1530.28571
esp,20201107,1542.14286
esp,20201108,1546.85714
esp,20201109,1549.57143
esp,20201110,1551.28571
esp,20201111,1549.42857
esp,20201112,1544.85714
esp,20201113,1535.42857
esp,20201114,1527
esp,20201115,1516
esp,20201116,1495
esp,20201117,1465.85714
esp,20201118,1433.71429
esp,20201119,1395
esp,20201120,1354.28571
esp,20201121,1305.71429
esp,20201122,1255
esp,20201123,1205.85714
esp,20201124,1163
esp,20201125,1119.71429
esp,20201126,1083.85714
esp,20201127,1049.85714
esp,20201128,1019.57143
esp,20201129,992.57143
esp,20201130,966.85714
esp,20201201,932.42857
esp,20201202,901.14286
esp,20201203,865.71429
esp,20201204,831.42857
esp,20201205,798.71429
esp,20201206,763.57143
esp,20201207,728.42857
esp,20201208,704.14286
esp,20201209,680.85714
esp,20201210,661.85714
esp,20201211,648.28571
esp,20201212,638.85714
esp,20201213,632.14286
esp,20201214,634.14286
esp,20201215,633.57143
esp,20201216,634
esp,20201217,635.85714
esp,20201218,640.14286
esp,20201219,648.71429
esp,20201220,663.28571
esp,20201221,674.71429
esp,20201222,693
esp,20201223,710
esp,20201224,726.71429
esp,20201225,740
esp,20201226,748.42857
esp,20201227,758.28571
esp,20201228,769.28571
esp,20201229,775.42857
esp,20201230,784.57143
esp,20201231,794.14286
esp,20210101,806.71429
esp,20210102,823
esp,20210103,840.42857
esp,20210104,863.57143
esp,20210105,893.28571
esp,20210106,926.42857
esp,20210107,967.42857
esp,20210108,1007.28571
esp,20210109,1048.14286
esp,20210110,1085.71429
esp,20210111,1122.57143
esp,20210112,1161.71429
esp,20210113,1209.14286
esp,20210114,1261.42857
esp,20210115,1327.57143
esp,20210116,1403
esp,20210117,1487
esp,20210118,1575.42857
esp,20210119,1666.42857
esp,20210120,1759
esp,20210121,1853.14286
esp,20210122,1943.71429
esp,20210123,2032
esp,20210124,2107
esp,20210125,2177
esp,20210126,2234.28571
esp,20210127,2276.14286
esp,20210128,2301.71429
esp,20210129,2311.28571
esp,20210130,2307.71429
esp,20210131,2310.85714
esp,20210201,2298.28571
esp,20210202,2281.57143
esp,20210203,2255.14286
esp,20210204,2217
esp,20210205,2178.42857
esp,20210206,2136.57143
esp,20210207,2080.14286
esp,20210208,2022.57143
esp,20210209,1962.28571
esp,20210210,1897.57143
esp,20210211,1834.28571
esp,20210212,1756.28571
esp,20210213,1664.57143
esp,20210214,1569.71429
esp,20210215,1480.71429
esp,20210216,1389
esp,20210217,1309.85714
esp,20210218,1235
esp,20210219,1174.57143
esp,20210220,1129.71429
esp,20210221,1093.85714
esp,20210222,1055.28571
esp,20210223,1023.14286
esp,20210224,986.57143
esp,20210225,953.42857
esp,20210226,921.71429
esp,20210227,890.57143
esp,20210228,860.42857
esp,20210301,832.14286
esp,20210302,805.42857
esp,20210303,785
esp,20210304,768.71429
esp,20210305,756.28571
esp,20210306,745.42857
esp,20210307,735
esp,20210308,729.42857
esp,20210309,726.28571
esp,20210310,722
esp,20210311,712.28571
esp,20210312,695.85714
esp,20210313,675.57143
esp,20210314,657.85714
esp,20210315,641.57143
esp,20210316,625.71429
esp,20210317,613.14286
esp,20210318,608.14286
esp,20210319,615.14286
esp,20210320,633.71429
esp,20210321,654
esp,20210322,674.14286
esp,20210323,693.42857
esp,20210324,709.57143
esp,20210325,725.28571
esp,20210326,734.42857
esp,20210327,734.57143
esp,20210328,731.42857
esp,20210329,729.85714
esp,20210330,730.42857
esp,20210331,734.42857
esp,20210401,738.71429
esp,20210402,742.85714
esp,20210403,750.85714
esp,20210404,764.42857
esp,20210405,779.14286
esp,20210406,796.42857
esp,20210407,813.14286
esp,20210408,829.85714
esp,20210409,853.57143
esp,20210410,882
esp,20210411,907.85714
esp,20210412,933.42857
esp,20210413,955.57143
esp,20210414,976.57143
esp,20210415,998
esp,20210416,1013.42857
esp,20210417,1024.28571
esp,20210418,1035.85714
esp,20210419,1044.85714
esp,20210420,1054.85714
esp,20210421,1065.57143
esp,20210422,1071.42857
esp,20210423,1075.14286
esp,20210424,1074.42857
esp,20210425,1067.85714
esp,20210426,1056.14286
esp,20210427,1039.14286
esp,20210428,1020
esp,20210429,1000.14286
esp,20210430,980.57143
esp,20210501,962.14286
esp,20210502,949.14286
esp,20210503,937.42857
esp,20210504,927.14286
esp,20210505,912.85714
esp,20210506,900.57143
esp,20210507,887.14286
esp,20210508,872.28571
esp,20210509,848
esp,20210510,825.85714
esp,20210511,801.42857
esp,20210512,777.57143
esp,20210513,749.71429
esp,20210514,717.71429
esp,20210515,681.28571
esp,20210516,651.28571
esp,20210517,619.57143
esp,20210518,591
esp,20210519,565.71429
esp,20210520,544.57143
esp,20210521,529
esp,20210522,521.42857
esp,20210523,513.71429
esp,20210524,504.57143
esp,20210525,494.28571
esp,20210526,485.14286
esp,20210527,473.42857
esp,20210528,461.57143
esp,20210529,448.57143
esp,20210530,432.71429
esp,20210531,422
esp,20210601,411.71429
esp,20210602,397.42857
esp,20210603,384.28571
esp,20210604,370.71429
esp,20210605,356.42857
esp,20210606,346.85714
esp,20210607,334.57143
esp,20210608,324
esp,20210609,316.28571
esp,20210610,310.14286
esp,20210611,306.14286
esp,20210612,303.28571
esp,20210613,298.42857
esp,20210614,295.14286
esp,20210615,291.85714
esp,20210616,288.71429
esp,20210617,285.85714
esp,20210618,280.28571
esp,20210619,272.42857
esp,20210620,265.14286
esp,20210621,256.57143
esp,20210622,246.14286
esp,20210623,235.14286
esp,20210624,222.28571
esp,20210625,211.57143
esp,20210626,203.71429
esp,20210627,195.28571
esp,20210628,187.71429
esp,20210629,183.57143
esp,20210630,180.85714
esp,20210701,183
esp,20210702,188
esp,20210703,195
esp,20210704,204.57143
esp,20210705,216.42857
esp,20210706,228
esp,20210707,242.71429
esp,20210708,256.28571
esp,20210709,268.14286
esp,20210710,279
esp,20210711,295.57143
esp,20210712,315.57143
esp,20210713,342.85714
esp,20210714,371
esp,20210715,405.57143
esp,20210716,447.85714
esp,20210717,497.14286
esp,20210718,544.71429
esp,20210719,596.85714
esp,20210720,649.14286
esp,20210721,705.42857
esp,20210722,758.71429
esp,20210723,806.85714
esp,20210724,851.28571
esp,20210725,899.85714
esp,20210726,942
esp,20210727,976.71429
esp,20210728,1007.71429
esp,20210729,1037.14286
esp,20210730,1065.42857
esp,20210731,1091.57143
esp,20210801,1108.28571
esp,20210802,1120.85714
esp,20210803,1133.14286
esp,20210804,1141.57143
esp,20210805,1142.71429
esp,20210806,1139.57143
esp,20210807,1131.14286
esp,20210808,1115
esp,20210809,1095.71429
esp,20210810,1067.85714
esp,20210811,1031.57143
esp,20210812,997.71429
esp,20210813,965
esp,20210814,935
esp,20210815,913
esp,20210816,894.42857
esp,20210817,882.57143
esp,20210818,879.28571
esp,20210819,873.42857
esp,20210820,862.14286
esp,20210821,844.85714
esp,20210822,824.42857
esp,20210823,799.42857
esp,20210824,773.71429
esp,20210825,743.28571
esp,20210826,713.28571
esp,20210827,687.28571
esp,20210828,665.14286
esp,20210829,642
esp,20210830,622.28571
esp,20210831,599.85714
esp,20210901,579.14286
esp,20210902,561.71429
esp,20210903,544
esp,20210904,526.85714
esp,20210905,509.14286
esp,20210906,491.14286
esp,20210907,474.57143
esp,20210908,457.42857
esp,20210909,437.42857
esp,20210910,418.85714
esp,20210911,399.85714
esp,20210912,384.28571
esp,20210913,369.42857
esp,20210914,357.42857
esp,20210915,348.71429
esp,20210916,340.85714
esp,20210917,331.57143
esp,20210918,323.14286
esp,20210919,314.28571
esp,20210920,303.28571
esp,20210921,292.42857
esp,20210922,278.42857
esp,20210923,265.85714
esp,20210924,253.85714
esp,20210925,241.14286
esp,20210926,228.28571
esp,20210927,219.71429
esp,20210928,207.71429
esp,20210929,196.85714
esp,20210930,185.42857
esp,20211001,175.28571
esp,20211002,166.14286
esp,20211003,157.71429
esp,20211004,147.42857
esp,20211005,140.85714
esp,20211006,136
esp,20211007,133.28571
esp,20211008,131.71429
esp,20211009,131.71429
esp,20211010,132.85714
esp,20211011,134.14286
esp,20211012,136
esp,20211013,138.71429
esp,20211014,140
esp,20211015,140.14286
esp,20211016,139
esp,20211017,138.28571
esp,20211018,139.85714
esp,20211019,143.28571
esp,20211020,145.71429
esp,20211021,150.28571
esp,20211022,156.71429
esp,20211023,165.28571
esp,20211024,172.14286
esp,20211025,178.57143
esp,20211026,179.71429
esp,20211027,180.71429
esp,20211028,178.42857
esp,20211029,173.71429
esp,20211030,166.85714
esp,20211031,161
esp,20211101,153
esp,20211102,149.14286
esp,20211103,146.28571
esp,20211104,144.28571
esp,20211105,142.71429
esp,20211106,140.85714
esp,20211107,140.71429
esp,20211108,142.42857
esp,20211109,144.14286
esp,20211110,146.42857
esp,20211111,151.71429
esp,20211112,159.57143
esp,20211113,170.28571
esp,20211114,180
esp,20211115,191
esp,20211116,201.57143
esp,20211117,210.57143
esp,20211118,219.42857
esp,20211119,228
esp,20211120,235.71429
esp,20211121,245
esp,20211122,255.14286
esp,20211123,265.57143
esp,20211124,279.42857
esp,20211125,294.28571
esp,20211126,310.85714
esp,20211127,329.85714
esp,20211128,346.71429
esp,20211129,363.57143
esp,20211130,381.14286
esp,20211201,399.57143
esp,20211202,418.57143
esp,20211203,438.14286
esp,20211204,458.85714
esp,20211205,485
esp,20211206,508
esp,20211207,530
esp,20211208,547.14286
esp,20211209,561.28571
esp,20211210,569.28571
esp,20211211,570.14286
esp,20211212,568
esp,20211213,572
esp,20211214,579.85714
esp,20211215,594.42857
esp,20211216,610.28571
esp,20211217,634.28571
esp,20211218,666.28571
esp,20211219,697.42857
esp,20211220,724.85714
esp,20211221,747.71429
esp,20211222,767.71429
esp,20211223,791.42857
esp,20211224,811.71429
esp,20211225,829.57143
esp,20211226,851
esp,20211227,874.71429
esp,20211228,904.71429
esp,20211229,931.85714
esp,20211230,953.42857
esp,20211231,972.71429
esp,20220101,990.57143
esp,20220102,1003.42857
esp,20220103,1016.57143
esp,20220104,1028.14286
esp,20220105,1045.85714
esp,20220106,1073.42857
esp,20220107,1108.57143
esp,20220108,1148
esp,20220109,1189.71429
esp,20220110,1225.85714
esp,20220111,1256.14286
esp,20220112,1279.28571
esp,20220113,1290.14286
esp,20220114,1294.42857
esp,20220115,1293
esp,20220116,1286.85714
est,20200329,52
est,20200426,30
est,20200503,22.66667
est,20200510,18.25
est,20200517,15.6
est,20200524,13.16667
est,20200531,11.42857
est,20200607,4
est,20200614,2.85714
est,20200628,1.85714
est,20200705,1.28571
est,20200712,0.85714
est,20200719,0.85714
est,20200726,0.71429
est,20200802,0.71429
est,20200809,0.85714
est,20200816,0.71429
est,20200823,0.57143
est,20200830,0.28571
est,20200906,0.14286
est,20200913,0.28571
est,20200920,0.71429
est,20200927,1
est,20201004,1.57143
est,20201011,2.14286
est,20201018,2.42857
est,20201025,3
est,20201101,3.28571
est,20201108,3.42857
est,20201115,4.14286
est,20201122,4.71429
est,20201129,5.85714
est,20201206,7.71429
est,20201213,9.85714
est,20201220,12.28571
est,20201227,15.85714
est,20210103,19.42857
est,20210110,22.71429
est,20210117,25.14286
est,20210124,27.57143
est,20210131,28.57143
est,20210207,28.71429
est,20210214,27.71429
est,20210221,27
est,20210228,26.57143
est,20210307,28.14286
est,20210314,31
est,20210321,35.42857
est,20210328,39.71429
est,20210411,44.14286
est,20210418,45.85714
est,20210425,47.71429
est,20210502,48
est,20210509,45
est,20210516,41
est,20210523,36.57143
est,20210530,30.14286
est,20210606,25.42857
est,20210613,20.28571
est,20210620,14.71429
est,20210627,10.85714
est,20210704,7.28571
est,20210711,4.71429
est,20210718,3.71429
est,20210725,3
est,20210801,2.57143
est,20210808,2.28571
est,20210815,2.57143
est,20210822,3.57143
est,20210829,4.71429
est,20210905,6.14286
est,20210912,7.28571
est,20210919,8.85714
est,20210926,10.71429
est,20211003,11.71429
est,20211010,13
est,20211017,14
est,20211024,17.14286
est,20211031,21
est,20211114,24
est,20211121,25.85714
est,20211128,27.42857
est,20211205,27.28571
est,20211212,27.28571
est,20211219,25.57143
est,20211226,22.42857
est,20220102,19.85714
est,20220109,17.71429
fra,20200325,2913
fra,20200326,3000
fra,20200327,3151
fra,20200328,3325.75
fra,20200329,3477.4
fra,20200330,3619.5
fra,20200331,3749
fra,20200401,4002.85714
fra,20200402,4248.42857
fra,20200403,4446.28571
fra,20200404,4559.85714
fra,20200405,4618.14286
fra,20200406,4610.42857
fra,20200407,4539.14286
fra,20200408,4403.14286
fra,20200409,4199.28571
fra,20200410,3961
fra,20200411,3715
fra,20200412,3466.57143
fra,20200413,3213.14286
fra,20200414,2960.57143
fra,20200415,2721
fra,20200416,2518.57143
fra,20200417,2319
fra,20200418,2147.71429
fra,20200419,1988.85714
fra,20200420,1863.14286
fra,20200421,1760
fra,20200422,1670.71429
fra,20200423,1582.42857
fra,20200424,1508.71429
fra,20200425,1430.28571
fra,20200426,1355.42857
fra,20200427,1271.42857
fra,20200428,1194.28571
fra,20200429,1121.14286
fra,20200430,1053
fra,20200501,985.57143
fra,20200502,921.28571
fra,20200503,865.42857
fra,20200504,815.57143
fra,20200505,765
fra,20200506,719
fra,20200507,678
fra,20200508,651
fra,20200509,628.85714
fra,20200510,600.57143
fra,20200511,577.85714
fra,20200512,558.42857
fra,20200513,544.85714
fra,20200514,527.71429
fra,20200515,504.71429
fra,20200516,486.57143
fra,20200517,472.42857
fra,20200518,452.28571
fra,20200519,431.57143
fra,20200520,407.14286
fra,20200521,386
fra,20200522,364.42857
fra,20200523,339.42857
fra,20200524,316.42857
fra,20200525,300.71429
fra,20200526,283.71429
fra,20200527,268.85714
fra,20200528,258.57143
fra,20200529,251.28571
fra,20200530,246.14286
fra,20200531,240.14286
fra,20200601,228
fra,20200602,219.85714
fra,20200603,212.42857
fra,20200604,202
fra,20200605,191.14286
fra,20200606,178.42857
fra,20200607,164.57143
fra,20200608,157.85714
fra,20200609,149.14286
fra,20200610,140.85714
fra,20200611,134.85714
fra,20200612,130.14286
fra,20200613,127.28571
fra,20200614,126.71429
fra,20200615,122.57143
fra,20200616,120.85714
fra,20200617,118.28571
fra,20200618,113.71429
fra,20200619,108.14286
fra,20200620,101.71429
fra,20200621,94.85714
fra,20200622,90.14286
fra,20200623,85.71429
fra,20200624,81.71429
fra,20200625,79.28571
fra,20200626,78.71429
fra,20200627,79.42857
fra,20200628,80.14286
fra,20200629,80.14286
fra,20200630,79
fra,20200701,80
fra,20200702,80.57143
fra,20200703,80
fra,20200704,78.42857
fra,20200705,77.14286
fra,20200706,75.28571
fra,20200707,76.28571
fra,20200708,76.14286
fra,20200709,75.85714
fra,20200710,75.57143
fra,20200711,76.42857
fra,20200712,77.14286
fra,20200713,78.57143
fra,20200714,76.14286
fra,20200715,73.28571
fra,20200716,73.14286
fra,20200717,74.57143
fra,20200718,75.42857
fra,20200719,76.14286
fra,20200720,78
fra,20200721,82.57143
fra,20200722,87.57143
fra,20200723,89
fra,20200724,89.14286
fra,20200725,89.71429
fra,20200726,90
fra,20200727,90.14286
fra,20200728,91
fra,20200729,91.28571
fra,20200730,93.14286
fra,20200731,95.14286
fra,20200801,97.28571
fra,20200802,100.14286
fra,20200803,102.57143
fra,20200804,103.42857
fra,20200805,104.85714
fra,20200806,107.14286
fra,20200807,110
fra,20200808,112.57143
fra,20200809,115
fra,20200810,116.71429
fra,20200811,118.57143
fra,20200812,120.57143
fra,20200813,122.14286
fra,20200814,123.14286
fra,20200815,124.42857
fra,20200816,125.28571
fra,20200817,127.14286
fra,20200818,130
fra,20200819,134.57143
fra,20200820,139
fra,20200821,145.85714
fra,20200822,151.57143
fra,20200823,158.14286
fra,20200824,165.14286
fra,20200825,174.14286
fra,20200826,179.71429
fra,20200827,185.42857
fra,20200828,188
fra,20200829,193.85714
fra,20200830,199
fra,20200831,203.14286
fra,20200901,205
fra,20200902,213.42857
fra,20200903,224.57143
fra,20200904,238.42857
fra,20200905,249
fra,20200906,260.14286
fra,20200907,276.42857
fra,20200908,296.57143
fra,20200909,313.57143
fra,20200910,327.14286
fra,20200911,341.28571
fra,20200912,360.14286
fra,20200913,380
fra,20200914,397.42857
fra,20200915,414.71429
fra,20200916,434.14286
fra,20200917,457.57143
fra,20200918,483.57143
fra,20200919,508.71429
fra,20200920,533.28571
fra,20200921,560.42857
fra,20200922,585
fra,20200923,608.85714
fra,20200924,635
fra,20200925,660.14286
fra,20200926,684.42857
fra,20200927,711.14286
fra,20200928,731.42857
fra,20200929,754.85714
fra,20200930,776.42857
fra,20201001,794.42857
fra,20201002,807
fra,20201003,819.28571
fra,20201004,834.57143
fra,20201005,852.85714
fra,20201006,866.57143
fra,20201007,879.85714
fra,20201008,886.57143
fra,20201009,898.85714
fra,20201010,910.14286
fra,20201011,912.57143
fra,20201012,915.57143
fra,20201013,926.42857
fra,20201014,943.28571
fra,20201015,979.14286
fra,20201016,1019.57143
fra,20201017,1068.28571
fra,20201018,1130.14286
fra,20201019,1203.28571
fra,20201020,1275.57143
fra,20201021,1353.71429
fra,20201022,1423
fra,20201023,1495.85714
fra,20201024,1567.71429
fra,20201025,1635.28571
fra,20201026,1701.42857
fra,20201027,1782
fra,20201028,1862.14286
fra,20201029,1955.14286
fra,20201030,2053.28571
fra,20201031,2158.28571
fra,20201101,2271
fra,20201102,2381.57143
fra,20201103,2475.71429
fra,20201104,2581.28571
fra,20201105,2675.28571
fra,20201106,2753.42857
fra,20201107,2824.28571
fra,20201108,2886
fra,20201109,2945
fra,20201110,2999
fra,20201111,3002
fra,20201112,2988.85714
fra,20201113,2979.57143
fra,20201114,2952.85714
fra,20201115,2913.71429
fra,20201116,2850
fra,20201117,2773
fra,20201118,2724.42857
fra,20201119,2673.85714
fra,20201120,2587.85714
fra,20201121,2496.14286
fra,20201122,2397.85714
fra,20201123,2299
fra,20201124,2197
fra,20201125,2078.85714
fra,20201126,1954.42857
fra,20201127,1851.57143
fra,20201128,1750
fra,20201129,1652.71429
fra,20201130,1566
fra,20201201,1490.14286
fra,20201202,1415.14286
fra,20201203,1356
fra,20201204,1299.28571
fra,20201205,1257
fra,20201206,1224.42857
fra,20201207,1199.71429
fra,20201208,1177.28571
fra,20201209,1170
fra,20201210,1164.85714
fra,20201211,1167.71429
fra,20201212,1170.42857
fra,20201213,1171.57143
fra,20201214,1172.71429
fra,20201215,1176.28571
fra,20201216,1185.71429
fra,20201217,1188.42857
fra,20201218,1188.42857
fra,20201219,1187.57143
fra,20201220,1188.71429
fra,20201221,1184.42857
fra,20201222,1187
fra,20201223,1179.57143
fra,20201224,1183
fra,20201225,1177.85714
fra,20201226,1170.14286
fra,20201227,1164.42857
fra,20201228,1170.28571
fra,20201229,1169
fra,20201230,1171.85714
fra,20201231,1168.14286
fra,20210101,1171.71429
fra,20210102,1178.42857
fra,20210103,1182
fra,20210104,1180.85714
fra,20210105,1179.57143
fra,20210106,1180.57143
fra,20210107,1183.57143
fra,20210108,1209.28571
fra,20210109,1241
fra,20210110,1276
fra,20210111,1303.14286
fra,20210112,1333
fra,20210113,1355.57143
fra,20210114,1381.14286
fra,20210115,1386.42857
fra,20210116,1392.14286
fra,20210117,1398
fra,20210118,1415.85714
fra,20210119,1440
fra,20210120,1479.85714
fra,20210121,1522.85714
fra,20210122,1568.28571
fra,20210123,1605
fra,20210124,1644.71429
fra,20210125,1684.28571
fra,20210126,1719.71429
fra,20210127,1746.85714
fra,20210128,1770
fra,20210129,1790.28571
fra,20210130,1815.71429
fra,20210131,1831.71429
fra,20210201,1844
fra,20210202,1856
fra,20210203,1858.14286
fra,20210204,1858
fra,20210205,1855.42857
fra,20210206,1846.57143
fra,20210207,1843.28571
fra,20210208,1842.71429
fra,20210209,1833.42857
fra,20210210,1831.28571
fra,20210211,1827.85714
fra,20210212,1828
fra,20210213,1834.85714
fra,20210214,1833.28571
fra,20210215,1819.14286
fra,20210216,1808.42857
fra,20210217,1800.85714
fra,20210218,1793.14286
fra,20210219,1790.57143
fra,20210220,1785.28571
fra,20210221,1790.71429
fra,20210222,1798.71429
fra,20210223,1811.42857
fra,20210224,1821.14286
fra,20210225,1837.42857
fra,20210226,1846.42857
fra,20210227,1856.71429
fra,20210228,1866.28571
fra,20210301,1890.85714
fra,20210302,1915.28571
fra,20210303,1939
fra,20210304,1956
fra,20210305,1976.85714
fra,20210306,1999.42857
fra,20210307,2022
fra,20210308,2039
fra,20210309,2060.85714
fra,20210310,2085.28571
fra,20210311,2124
fra,20210312,2157.14286
fra,20210313,2191
fra,20210314,2221.71429
fra,20210315,2250.42857
fra,20210316,2273.28571
fra,20210317,2295.14286
fra,20210318,2303.42857
fra,20210319,2325.28571
fra,20210320,2350.57143
fra,20210321,2376.85714
fra,20210322,2410.28571
fra,20210323,2449.28571
fra,20210324,2490.14286
fra,20210325,2535.14286
fra,20210326,2582.42857
fra,20210327,2624.14286
fra,20210328,2670.71429
fra,20210329,2709.14286
fra,20210330,2751.57143
fra,20210331,2802.71429
fra,20210401,2860.42857
fra,20210402,2909
fra,20210403,2965
fra,20210404,3019.57143
fra,20210405,3043.71429
fra,20210406,3065.28571
fra,20210407,3103
fra,20210408,3133
fra,20210409,3157.85714
fra,20210410,3171.57143
fra,20210411,3183
fra,20210412,3252.71429
fra,20210413,3302.42857
fra,20210414,3290.28571
fra,20210415,3276
fra,20210416,3257.71429
fra,20210417,3236.85714
fra,20210418,3206.14286
fra,20210419,3147.14286
fra,20210420,3105.71429
fra,20210421,3102.42857
fra,20210422,3095.42857
fra,20210423,3089.57143
fra,20210424,3086.28571
fra,20210425,3088.42857
fra,20210426,3084.57143
fra,20210427,3057.42857
fra,20210428,3007.14286
fra,20210429,2947.85714
fra,20210430,2876.28571
fra,20210501,2800.85714
fra,20210502,2721.14286
fra,20210503,2634
fra,20210504,2545.14286
fra,20210505,2469.14286
fra,20210506,2388.42857
fra,20210507,2316.14286
fra,20210508,2232.28571
fra,20210509,2147.85714
fra,20210510,2058.14286
fra,20210511,1976.85714
fra,20210512,1887.28571
fra,20210513,1795.57143
fra,20210514,1694.85714
fra,20210515,1603
fra,20210516,1515
fra,20210517,1435.57143
fra,20210518,1360.71429
fra,20210519,1292.42857
fra,20210520,1252.28571
fra,20210521,1227
fra,20210522,1207.14286
fra,20210523,1186.28571
fra,20210524,1154.42857
fra,20210525,1122
fra,20210526,1098.42857
fra,20210527,1055.14286
fra,20210528,1016
fra,20210529,976.42857
fra,20210530,936.71429
fra,20210531,927.28571
fra,20210601,915.28571
fra,20210602,890.71429
fra,20210603,872.14286
fra,20210604,842.14286
fra,20210605,810.85714
fra,20210606,785.14286
fra,20210607,742.71429
fra,20210608,703.28571
fra,20210609,672.85714
fra,20210610,644.28571
fra,20210611,621.28571
fra,20210612,600.71429
fra,20210613,575.14286
fra,20210614,552
fra,20210615,529.14286
fra,20210616,500.14286
fra,20210617,470
fra,20210618,441.57143
fra,20210619,411.71429
fra,20210620,384
fra,20210621,356.71429
fra,20210622,331.57143
fra,20210623,314.71429
fra,20210624,299.14286
fra,20210625,283.42857
fra,20210626,269.71429
fra,20210627,257.28571
fra,20210628,247.14286
fra,20210629,237.57143
fra,20210630,226
fra,20210701,217.57143
fra,20210702,208
fra,20210703,200.28571
fra,20210704,192.71429
fra,20210705,184.57143
fra,20210706,179.14286
fra,20210707,175.14286
fra,20210708,170.14286
fra,20210709,170.14286
fra,20210710,168.57143
fra,20210711,166
fra,20210712,168.57143
fra,20210713,172
fra,20210714,174
fra,20210715,178
fra,20210716,180.57143
fra,20210717,186
fra,20210718,193.28571
fra,20210719,200
fra,20210720,209.14286
fra,20210721,226.28571
fra,20210722,245.28571
fra,20210723,269
fra,20210724,293
fra,20210725,317.28571
fra,20210726,347
fra,20210727,381.85714
fra,20210728,414.14286
fra,20210729,447.71429
fra,20210730,489.85714
fra,20210731,538
fra,20210801,592.71429
fra,20210802,644
fra,20210803,700.57143
fra,20210804,762.71429
fra,20210805,828.71429
fra,20210806,881
fra,20210807,931.71429
fra,20210808,981.71429
fra,20210809,1035.28571
fra,20210810,1074
fra,20210811,1103.42857
fra,20210812,1130.28571
fra,20210813,1160.42857
fra,20210814,1181.57143
fra,20210815,1189.57143
fra,20210816,1181.57143
fra,20210817,1179.42857
fra,20210818,1197.28571
fra,20210819,1208.57143
fra,20210820,1220.28571
fra,20210821,1241.28571
fra,20210822,1272.85714
fra,20210823,1320
fra,20210824,1357.85714
fra,20210825,1358.85714
fra,20210826,1361.28571
fra,20210827,1357.14286
fra,20210828,1339.71429
fra,20210829,1313.42857
fra,20210830,1268.14286
fra,20210831,1227.85714
fra,20210901,1205
fra,20210902,1174.57143
fra,20210903,1142
fra,20210904,1116.71429
fra,20210905,1094.42857
fra,20210906,1087
fra,20210907,1076.42857
fra,20210908,1063.28571
fra,20210909,1056.42857
fra,20210910,1051.14286
fra,20210911,1040.42857
fra,20210912,1027.57143
fra,20210913,1000.57143
fra,20210914,967.14286
fra,20210915,927.71429
fra,20210916,883.71429
fra,20210917,835.42857
fra,20210918,788.57143
fra,20210919,745.28571
fra,20210920,711.85714
fra,20210921,687.28571
fra,20210922,663.28571
fra,20210923,639.85714
fra,20210924,622.85714
fra,20210925,607.14286
fra,20210926,591.85714
fra,20210927,574
fra,20210928,548.14286
fra,20210929,527.28571
fra,20210930,509.14286
fra,20211001,488.85714
fra,20211002,467.57143
fra,20211003,443.71429
fra,20211004,419.42857
fra,20211005,402.71429
fra,20211006,386.57143
fra,20211007,370.71429
fra,20211008,358.85714
fra,20211009,349
fra,20211010,341.14286
fra,20211011,334.71429
fra,20211012,327.85714
fra,20211013,325.28571
fra,20211014,323.85714
fra,20211015,320.57143
fra,20211016,318.14286
fra,20211017,316.14286
fra,20211018,317.28571
fra,20211019,318.71429
fra,20211020,315.57143
fra,20211021,315
fra,20211022,317.85714
fra,20211023,323.28571
fra,20211024,329
fra,20211025,334.42857
fra,20211026,347.57143
fra,20211027,365.14286
fra,20211028,380.42857
fra,20211029,394.85714
fra,20211030,407.14286
fra,20211031,418.85714
fra,20211101,423
fra,20211102,422.14286
fra,20211103,423.71429
fra,20211104,428.71429
fra,20211105,434.57143
fra,20211106,441.71429
fra,20211107,449
fra,20211108,476.14286
fra,20211109,497.42857
fra,20211110,513.57143
fra,20211111,519.85714
fra,20211112,526.28571
fra,20211113,532.42857
fra,20211114,539.42857
fra,20211115,536.42857
fra,20211116,542.42857
fra,20211117,550.71429
fra,20211118,577.57143
fra,20211119,606.57143
fra,20211120,630.85714
fra,20211121,654.42857
fra,20211122,681
fra,20211123,710.57143
fra,20211124,742.42857
fra,20211125,765.14286
fra,20211126,790.14286
fra,20211127,827.42857
fra,20211128,866.71429
fra,20211129,909
fra,20211130,954.42857
fra,20211201,1006.71429
fra,20211202,1063.85714
fra,20211203,1129.28571
fra,20211204,1188.28571
fra,20211205,1249.14286
fra,20211206,1308.42857
fra,20211207,1376
fra,20211208,1441.14286
fra,20211209,1505.71429
fra,20211210,1550.85714
fra,20211211,1601.71429
fra,20211212,1654.42857
fra,20211213,1709.71429
fra,20211214,1738.85714
fra,20211215,1759
fra,20211216,1772.71429
fra,20211217,1798.14286
fra,20211218,1817.42857
fra,20211219,1828
fra,20211220,1822.71429
fra,20211221,1823.28571
fra,20211222,1831
fra,20211223,1848.71429
fra,20211224,1861.28571
fra,20211225,1867.57143
fra,20211226,1877
fra,20211227,1890.28571
fra,20211228,1912.85714
fra,20211229,1934.42857
fra,20211230,1941.85714
fra,20211231,1947.71429
fra,20220101,1963.14286
fra,20220102,1979.42857
fra,20220103,2000.85714
fra,20220104,2019.85714
fra,20220105,2037.71429
fra,20220106,2074.85714
fra,20220107,2116.85714
fra,20220108,2160.14286
fra,20220109,2209.42857
fra,20220110,2259.28571
fra,20220111,2307.57143
fra,20220112,2349
fra,20220113,2363.71429
fra,20220114,2366.14286
fra,20220115,2358.42857
fra,20220116,2339
fra,20220117,2312
grc,20200106,0
grc,20200118,0
grc,20200212,0
grc,20200301,0
grc,20200308,0.4
grc,20200315,2.5
grc,20200322,8.14286
grc,20200329,15.71429
grc,20200405,21.28571
grc,20200412,24
grc,20200419,26.28571
grc,20200426,27.42857
grc,20200503,26.14286
grc,20200510,20.71429
grc,20200517,13.85714
grc,20200524,8.85714
grc,20200531,6.42857
grc,20200607,4.57143
grc,20200614,4.28571
grc,20200621,4
grc,20200628,3.85714
grc,20200705,3.57143
grc,20200712,3.57143
grc,20200719,3.57143
grc,20200726,4.14286
grc,20200802,4.57143
grc,20200809,6.42857
grc,20200816,7.71429
grc,20200823,9.85714
grc,20200830,11.71429
grc,20200906,14.42857
grc,20200913,18.42857
grc,20200920,23.14286
grc,20200927,25
grc,20201004,29.85714
grc,20201011,32.85714
grc,20201018,35.14286
grc,20201025,40
grc,20201101,48.71429
grc,20201108,64.14286
grc,20201115,100
grc,20201122,142.71429
grc,20201129,180.42857
grc,20201206,214.42857
grc,20201213,240.28571
grc,20201220,253.85714
grc,20201227,255.85714
grc,20210103,233.42857
grc,20210110,199
grc,20210117,170.28571
grc,20210124,143.85714
grc,20210131,119.42857
grc,20210207,107.42857
grc,20210214,105.28571
grc,20210221,107.57143
grc,20210228,120.42857
grc,20210307,136.28571
grc,20210314,166.57143
grc,20210321,204.57143
grc,20210328,236
grc,20210404,261.71429
grc,20210411,290.42857
grc,20210418,316.85714
grc,20210425,332.28571
grc,20210502,335.57143
grc,20210509,320.28571
grc,20210516,303.14286
grc,20210523,277.85714
grc,20210530,248.57143
grc,20210606,208.85714
grc,20210613,172
grc,20210620,133.57143
grc,20210627,106.14286
grc,20210704,79
grc,20210711,58.85714
grc,20210718,43.71429
grc,20210725,36.85714
grc,20210801,41.28571
grc,20210808,47.28571
grc,20210815,58.85714
grc,20210822,78.85714
grc,20210829,97.14286
grc,20210905,117.85714
grc,20210912,129
grc,20210919,133.28571
grc,20210926,137.57143
grc,20211003,139.71429
grc,20211010,137.42857
grc,20211017,138.14286
grc,20211024,134.42857
grc,20211031,144.85714
grc,20211107,158.85714
grc,20211114,178
grc,20211121,205.28571
grc,20211128,233.71429
grc,20211205,264.14286
grc,20211212,288.14286
grc,20211219,298.14286
grc,20211226,305.71429
grc,20220102,303.57143
grc,20220109,295.71429
irl,20200412,47
irl,20200419,53
irl,20200426,50.33333
irl,20200517,42.5
irl,20200524,36
irl,20200531,32.5
irl,20200607,28.28571
irl,20200621,23.57143
irl,20200628,15.71429
irl,20200705,10.14286
irl,20200712,7.57143
irl,20200719,6.42857
irl,20200726,4.71429
irl,20200802,4.42857
irl,20200809,2.57143
irl,20200816,2
irl,20200823,1.42857
irl,20200830,1.57143
irl,20200906,1.42857
irl,20200913,1
irl,20200920,1.71429
irl,20200927,2.14286
irl,20201004,3.42857
irl,20201011,3.71429
irl,20201018,4.71429
irl,20201025,6.28571
irl,20201101,7.71429
irl,20201108,9.57143
irl,20201115,11.28571
irl,20201122,11.42857
irl,20201129,11.57143
irl,20201206,11.71429
irl,20201213,11.57143
irl,20201220,12.71429
irl,20201227,12.28571
irl,20210103,12.14286
irl,20210110,14.85714
irl,20210117,22.57143
irl,20210124,30.57143
irl,20210131,38.57143
irl,20210207,43.71429
irl,20210214,48.14286
irl,20210221,51.42857
irl,20210228,51.85714
irl,20210307,48.28571
irl,20210314,42.85714
irl,20210321,36.71429
irl,20210328,32
irl,20210404,29
irl,20210411,25.71429
irl,20210418,23.71429
irl,20210425,21.14286
irl,20210502,19.14286
irl,20210509,17
irl,20210516,14.57143
irl,20210523,11.85714
irl,20210530,11.85714
irl,20210606,11.28571
irl,20210613,10.14286
irl,20210620,9.28571
irl,20210627,8.42857
irl,20210704,8.42857
irl,20210711,7.71429
irl,20210718,6.14286
irl,20210725,5.71429
irl,20210801,6.14286
irl,20210808,6.28571
irl,20210815,7.85714
irl,20210822,9.57143
irl,20210829,13.42857
irl,20210905,16.57143
irl,20210912,18.85714
irl,20210919,19.85714
irl,20210926,21.71429
irl,20211003,23.14286
irl,20211010,23.85714
irl,20211017,23.57143
irl,20211024,21.71429
irl,20211031,23.42857
irl,20211107,25.71429
irl,20211114,25.42857
irl,20211121,26.57143
irl,20211128,29.57143
irl,20211205,30.42857
irl,20211212,33.85714
irl,20211219,33.14286
irl,20211226,33.42857
irl,20220102,34.42857
irl,20220109,35.28571
isl,20210228,0
isl,20210307,0
isl,20210314,0
isl,20210321,0
isl,20210328,0
isl,20210404,0
isl,20210411,0
isl,20210418,0.14286
isl,20210425,0.14286
isl,20210502,0.14286
isl,20210509,0.42857
isl,20210516,0.42857
isl,20210523,0.42857
isl,20210530,0.42857
isl,20210606,0.28571
isl,20210613,0.28571
isl,20210620,0.28571
isl,20210627,0
isl,20210704,0
isl,20210711,0
isl,20210718,0
isl,20210725,0
isl,20210801,0.14286
isl,20210808,0.28571
isl,20210815,1
isl,20210822,1.28571
isl,20210829,1.28571
isl,20210905,1.28571
isl,20210912,1.28571
isl,20210919,1.14286
isl,20210926,1.42857
isl,20211003,0.85714
isl,20211010,0.57143
isl,20211024,0.57143
isl,20211031,1
isl,20211107,1.57143
isl,20211114,1.85714
isl,20211121,1.71429
isl,20211219,1.57143
isr,20200308,5
isr,20200309,5
isr,20200310,5.33333
isr,20200311,5.75
isr,20200312,5.8
isr,20200313,5.66667
isr,20200314,5.57143
isr,20200315,5.71429
isr,20200316,6.14286
isr,20200317,6.42857
isr,20200318,7
isr,20200319,8.42857
isr,20200320,10.42857
isr,20200321,12.85714
isr,20200322,16.28571
isr,20200323,20.14286
isr,20200324,24.85714
isr,20200325,29.28571
isr,20200326,33.71429
isr,20200327,39.14286
isr,20200328,44.28571
isr,20200329,48.71429
isr,20200330,53.28571
isr,20200331,58.14286
isr,20200401,65.14286
isr,20200402,71.71429
isr,20200403,78.42857
isr,20200404,86.71429
isr,20200405,93.42857
isr,20200406,100.42857
isr,20200407,106.71429
isr,20200408,110.85714
isr,20200409,115.71429
isr,20200410,117.42857
isr,20200411,118.71429
isr,20200412,123.28571
isr,20200413,128.57143
isr,20200414,132
isr,20200415,135.85714
isr,20200416,138.71429
isr,20200417,143.14286
isr,20200418,146.57143
isr,20200419,146
isr,20200420,140.28571
isr,20200421,136
isr,20200422,128.85714
isr,20200423,120.57143
isr,20200424,111.71429
isr,20200425,99.57143
isr,20200426,89.57143
isr,20200427,81.71429
isr,20200428,73.57143
isr,20200429,67.14286
isr,20200430,61
isr,20200501,54.85714
isr,20200502,51.71429
isr,20200503,47.14286
isr,20200504,43.57143
isr,20200505,39.42857
isr,20200506,35.42857
isr,20200507,32
isr,20200508,28.85714
isr,20200509,25.42857
isr,20200510,23.42857
isr,20200511,21.71429
isr,20200512,21.28571
isr,20200513,21.14286
isr,20200514,21.14286
isr,20200515,21
isr,20200516,20.42857
isr,20200517,19.42857
isr,20200518,18
isr,20200519,16.14286
isr,20200520,14.28571
isr,20200521,12.57143
isr,20200522,11.28571
isr,20200523,10.71429
isr,20200524,10
isr,20200525,9.71429
isr,20200526,9.14286
isr,20200527,9.28571
isr,20200528,9.14286
isr,20200529,9.57143
isr,20200530,10
isr,20200531,11
isr,20200601,11.71429
isr,20200602,12.85714
isr,20200603,12.85714
isr,20200604,13.71429
isr,20200605,13.42857
isr,20200606,13.85714
isr,20200607,14.28571
isr,20200608,15
isr,20200609,15.71429
isr,20200610,17.14286
isr,20200611,18.28571
isr,20200612,20.42857
isr,20200613,21.42857
isr,20200614,21.57143
isr,20200615,22.28571
isr,20200616,23
isr,20200617,23.71429
isr,20200618,24.14286
isr,20200619,24.57143
isr,20200620,25.71429
isr,20200621,28.57143
isr,20200622,30.42857
isr,20200623,32.14286
isr,20200624,34.14286
isr,20200625,36
isr,20200626,37.71429
isr,20200627,38.71429
isr,20200628,37.85714
isr,20200629,37.57143
isr,20200630,39
isr,20200701,40.57143
isr,20200702,44.85714
isr,20200703,49.57143
isr,20200704,56.14286
isr,20200705,65.14286
isr,20200706,74
isr,20200707,82
isr,20200708,91.85714
isr,20200709,100.71429
isr,20200710,109
isr,20200711,117
isr,20200712,125.85714
isr,20200713,140.71429
isr,20200714,156.57143
isr,20200715,173
isr,20200716,188.14286
isr,20200717,205
isr,20200718,222.57143
isr,20200719,243.57143
isr,20200720,257
isr,20200721,269.28571
isr,20200722,280.57143
isr,20200723,295.71429
isr,20200724,311.42857
isr,20200725,324.71429
isr,20200726,327.42857
isr,20200727,333.42857
isr,20200728,340.57143
isr,20200729,345.28571
isr,20200730,342.14286
isr,20200731,334.71429
isr,20200801,331.42857
isr,20200802,334.42857
isr,20200803,334.14286
isr,20200804,333.28571
isr,20200805,330.28571
isr,20200806,332.14286
isr,20200807,338.14286
isr,20200808,340.42857
isr,20200809,340.28571
isr,20200810,342.57143
isr,20200811,341
isr,20200812,342.85714
isr,20200813,345.57143
isr,20200814,345.71429
isr,20200815,345.28571
isr,20200816,345.71429
isr,20200817,346.71429
isr,20200818,353.14286
isr,20200819,358.14286
isr,20200820,361.14286
isr,20200821,365
isr,20200822,368.42857
isr,20200823,373.14286
isr,20200824,377.57143
isr,20200825,378.42857
isr,20200826,381.28571
isr,20200827,384.57143
isr,20200828,388.28571
isr,20200829,394
isr,20200830,399
isr,20200831,401.85714
isr,20200901,404.14286
isr,20200902,407
isr,20200903,406.42857
isr,20200904,406
isr,20200905,407.71429
isr,20200906,410.57143
isr,20200907,414.14286
isr,20200908,421
isr,20200909,429.42857
isr,20200910,445.42857
isr,20200911,459.57143
isr,20200912,472.42857
isr,20200913,483.42857
isr,20200914,496.85714
isr,20200915,511
isr,20200916,522.57143
isr,20200917,536.14286
isr,20200918,556.71429
isr,20200919,576.42857
isr,20200920,598.28571
isr,20200921,624.14286
isr,20200922,649.57143
isr,20200923,678
isr,20200924,699.14286
isr,20200925,718.14286
isr,20200926,739.28571
isr,20200927,763.42857
isr,20200928,778
isr,20200929,796.85714
isr,20200930,813.85714
isr,20201001,834.71429
isr,20201002,850.57143
isr,20201003,862.85714
isr,20201004,874.28571
isr,20201005,891.28571
isr,20201006,895.42857
isr,20201007,892.42857
isr,20201008,883.42857
isr,20201009,869.71429
isr,20201010,852
isr,20201011,824.42857
isr,20201012,790
isr,20201013,759
isr,20201014,729.57143
isr,20201015,697
isr,20201016,665.71429
isr,20201017,636
isr,20201018,610.28571
isr,20201019,587.42857
isr,20201020,563.57143
isr,20201021,539.28571
isr,20201022,517.85714
isr,20201023,498
isr,20201024,480.14286
isr,20201025,454.28571
isr,20201026,426.85714
isr,20201027,402
isr,20201028,378.42857
isr,20201029,354.57143
isr,20201030,331.57143
isr,20201031,307.85714
isr,20201101,293.14286
isr,20201102,280.85714
isr,20201103,269.71429
isr,20201104,258.85714
isr,20201105,249.71429
isr,20201106,242.57143
isr,20201107,236.85714
isr,20201108,231.28571
isr,20201109,223.57143
isr,20201110,213
isr,20201111,206.57143
isr,20201112,203.71429
isr,20201113,200.57143
isr,20201114,197.28571
isr,20201115,194.57143
isr,20201116,197
isr,20201117,204.14286
isr,20201118,208.57143
isr,20201119,211.14286
isr,20201120,213.28571
isr,20201121,216.14286
isr,20201122,218.42857
isr,20201123,218
isr,20201124,214
isr,20201125,211.71429
isr,20201126,209.14286
isr,20201127,208.57143
isr,20201128,206.14286
isr,20201129,204.42857
isr,20201130,203
isr,20201201,207.85714
isr,20201202,213.71429
isr,20201203,223
isr,20201204,232.71429
isr,20201205,247
isr,20201206,261.57143
isr,20201207,278
isr,20201208,286.85714
isr,20201209,292.85714
isr,20201210,294.42857
isr,20201211,295.71429
isr,20201212,295.57143
isr,20201213,298.85714
isr,20201214,302.57143
isr,20201215,313.42857
isr,20201216,328.57143
isr,20201217,350
isr,20201218,371.42857
isr,20201219,394.28571
isr,20201220,413.28571
isr,20201221,433.14286
isr,20201222,453.28571
isr,20201223,472.85714
isr,20201224,488.28571
isr,20201225,505.71429
isr,20201226,522.57143
isr,20201227,543.42857
isr,20201228,564.57143
isr,20201229,584.28571
isr,20201230,604.85714
isr,20201231,630.57143
isr,20210101,655.85714
isr,20210102,678.71429
isr,20210103,702.57143
isr,20210104,730.14286
isr,20210105,761.71429
isr,20210106,796.85714
isr,20210107,829
isr,20210108,860.28571
isr,20210109,900.14286
isr,20210110,939.14286
isr,20210111,975.42857
isr,20210112,1005
isr,20210113,1030.28571
isr,20210114,1057.57143
isr,20210115,1087.14286
isr,20210116,1105.71429
isr,20210117,1122
isr,20210118,1132.14286
isr,20210119,1147
isr,20210120,1154.42857
isr,20210121,1153.71429
isr,20210122,1146.14286
isr,20210123,1143.14286
isr,20210124,1134.42857
isr,20210125,1131
isr,20210126,1119.71429
isr,20210127,1112.28571
isr,20210128,1106.71429
isr,20210129,1099
isr,20210130,1083.85714
isr,20210131,1070.85714
isr,20210201,1049.28571
isr,20210202,1027.42857
isr,20210203,1012.14286
isr,20210204,998.42857
isr,20210205,993.28571
isr,20210206,994.42857
isr,20210207,997
isr,20210208,1005.42857
isr,20210209,1012
isr,20210210,1006.85714
isr,20210211,994.85714
isr,20210212,970.85714
isr,20210213,946.42857
isr,20210214,922.28571
isr,20210215,894
isr,20210216,868.14286
isr,20210217,842.42857
isr,20210218,819.85714
isr,20210219,802
isr,20210220,776.85714
isr,20210221,743.71429
isr,20210222,711.42857
isr,20210223,683.42857
isr,20210224,660.71429
isr,20210225,643.28571
isr,20210226,631.28571
isr,20210227,625.71429
isr,20210228,628.42857
isr,20210301,634
isr,20210302,636
isr,20210303,639.71429
isr,20210304,640.71429
isr,20210305,638.85714
isr,20210306,641.71429
isr,20210307,641.57143
isr,20210308,638.85714
isr,20210309,634.28571
isr,20210310,624.28571
isr,20210311,611.71429
isr,20210312,598.14286
isr,20210313,573.42857
isr,20210314,552.71429
isr,20210315,530
isr,20210316,511
isr,20210317,491.71429
isr,20210318,475.71429
isr,20210319,458.42857
isr,20210320,446
isr,20210321,427.71429
isr,20210322,409.85714
isr,20210323,389.14286
isr,20210324,372.42857
isr,20210325,353.85714
isr,20210326,335.71429
isr,20210327,316
isr,20210328,297.28571
isr,20210329,280.57143
isr,20210330,264
isr,20210331,245
isr,20210401,223.57143
isr,20210402,202.14286
isr,20210403,184.42857
isr,20210404,168.71429
isr,20210405,154.42857
isr,20210406,141.85714
isr,20210407,131.14286
isr,20210408,124
isr,20210409,120.42857
isr,20210410,115.85714
isr,20210411,112.57143
isr,20210412,109.71429
isr,20210413,108.28571
isr,20210414,105.85714
isr,20210415,103
isr,20210416,97.14286
isr,20210417,91.28571
isr,20210418,85.28571
isr,20210419,79.14286
isr,20210420,71.28571
isr,20210421,66.14286
isr,20210422,62.42857
isr,20210423,60.57143
isr,20210424,58.85714
isr,20210425,56.14286
isr,20210426,53.85714
isr,20210427,52.85714
isr,20210428,50.42857
isr,20210429,47.71429
isr,20210430,44.85714
isr,20210501,42.85714
isr,20210502,42
isr,20210503,40
isr,20210504,38.14286
isr,20210505,37
isr,20210506,35.71429
isr,20210507,33.85714
isr,20210508,31.57143
isr,20210509,29
isr,20210510,26.71429
isr,20210511,24.28571
isr,20210512,21.42857
isr,20210513,18.71429
isr,20210514,16.85714
isr,20210515,14.85714
isr,20210516,13.71429
isr,20210517,13.28571
isr,20210518,12.85714
isr,20210519,13.14286
isr,20210520,14.14286
isr,20210521,14.57143
isr,20210522,15.14286
isr,20210523,15
isr,20210524,15
isr,20210525,14.85714
isr,20210526,14.14286
isr,20210527,12.42857
isr,20210528,11.28571
isr,20210529,10.14286
isr,20210530,9.14286
isr,20210531,7.85714
isr,20210601,7.28571
isr,20210602,7.14286
isr,20210603,7.28571
isr,20210604,7.28571
isr,20210605,7.57143
isr,20210606,8.28571
isr,20210607,9
isr,20210608,9
isr,20210609,8.71429
isr,20210610,8.57143
isr,20210611,8.28571
isr,20210612,7.71429
isr,20210613,6.42857
isr,20210614,5.42857
isr,20210615,4.57143
isr,20210616,3.85714
isr,20210617,3.14286
isr,20210618,2.57143
isr,20210619,2.14286
isr,20210620,2.42857
isr,20210621,2.42857
isr,20210622,3
isr,20210623,3.57143
isr,20210624,4
isr,20210625,4.57143
isr,20210626,5.28571
isr,20210627,5.57143
isr,20210628,6
isr,20210629,5.57143
isr,20210630,5.85714
isr,20210701,6.42857
isr,20210702,7.14286
isr,20210703,8.14286
isr,20210704,9.71429
isr,20210705,12
isr,20210706,15.71429
isr,20210707,19.28571
isr,20210708,23.57143
isr,20210709,27.85714
isr,20210710,31.85714
isr,20210711,36.71429
isr,20210712,41.14286
isr,20210713,44.42857
isr,20210714,47.28571
isr,20210715,49.85714
isr,20210716,52.28571
isr,20210717,56.14286
isr,20210718,59.28571
isr,20210719,62.71429
isr,20210720,67.14286
isr,20210721,71.85714
isr,20210722,76.85714
isr,20210723,83.85714
isr,20210724,89.28571
isr,20210725,94.85714
isr,20210726,103.85714
isr,20210727,116.71429
isr,20210728,130.85714
isr,20210729,146.42857
isr,20210730,162.71429
isr,20210731,182.28571
isr,20210801,202.14286
isr,20210802,218.85714
isr,20210803,232
isr,20210804,246.85714
isr,20210805,263.71429
isr,20210806,279.71429
isr,20210807,298.28571
isr,20210808,324.14286
isr,20210809,353.57143
isr,20210810,385.28571
isr,20210811,417.71429
isr,20210812,449.57143
isr,20210813,486.42857
isr,20210814,518.28571
isr,20210815,545
isr,20210816,568.71429
isr,20210817,592.28571
isr,20210818,615.85714
isr,20210819,635.14286
isr,20210820,646.57143
isr,20210821,659.28571
isr,20210822,669
isr,20210823,681.42857
isr,20210824,690.71429
isr,20210825,696
isr,20210826,703.57143
isr,20210827,712.28571
isr,20210828,716.57143
isr,20210829,721.85714
isr,20210830,721.85714
isr,20210831,720.85714
isr,20210901,717.85714
isr,20210902,711.14286
isr,20210903,701.42857
isr,20210904,692.71429
isr,20210905,677.71429
isr,20210906,656.85714
isr,20210907,635
isr,20210908,610.85714
isr,20210909,587.14286
isr,20210910,567.42857
isr,20210911,548.85714
isr,20210912,536.28571
isr,20210913,533.57143
isr,20210914,532.85714
isr,20210915,538.28571
isr,20210916,544
isr,20210917,546
isr,20210918,553.28571
isr,20210919,559.57143
isr,20210920,564.28571
isr,20210921,569.85714
isr,20210922,574.85714
isr,20210923,584.28571
isr,20210924,595.42857
isr,20210925,595.42857
isr,20210926,593.71429
isr,20210927,587.28571
isr,20210928,575.71429
isr,20210929,557.85714
isr,20210930,533.28571
isr,20211001,507.14286
isr,20211002,483.42857
isr,20211003,457.14286
isr,20211004,430.85714
isr,20211005,405
isr,20211006,381.71429
isr,20211007,358.28571
isr,20211008,336
isr,20211009,316
isr,20211010,298.85714
isr,20211011,284.57143
isr,20211012,272.71429
isr,20211013,261.71429
isr,20211014,253.14286
isr,20211015,243.71429
isr,20211016,233.71429
isr,20211017,224.28571
isr,20211018,213.14286
isr,20211019,202.85714
isr,20211020,192.14286
isr,20211021,181
isr,20211022,170.28571
isr,20211023,159.85714
isr,20211024,148
isr,20211025,137.57143
isr,20211026,125.42857
isr,20211027,115
isr,20211028,106.85714
isr,20211029,98.71429
isr,20211030,91.85714
isr,20211031,88.28571
isr,20211101,85.57143
isr,20211102,85.28571
isr,20211103,83.71429
isr,20211104,79.57143
isr,20211105,76.85714
isr,20211106,74
isr,20211107,68.57143
isr,20211108,62.28571
isr,20211109,55.28571
isr,20211110,50
isr,20211111,47.42857
isr,20211112,45
isr,20211113,42.85714
isr,20211114,42.85714
isr,20211115,43.57143
isr,20211116,44.57143
isr,20211117,45.14286
isr,20211118,44.57143
isr,20211119,43.42857
isr,20211120,42.85714
isr,20211121,42.14286
isr,20211122,41.57143
isr,20211123,41.14286
isr,20211124,40.57143
isr,20211125,40.85714
isr,20211126,42.42857
isr,20211127,43.71429
isr,20211128,44.71429
isr,20211129,45.28571
isr,20211130,45.85714
isr,20211201,46.28571
isr,20211202,46
isr,20211203,44.42857
isr,20211204,42.14286
isr,20211205,39.71429
isr,20211206,38.14286
isr,20211207,36.42857
isr,20211208,35.28571
isr,20211209,34.28571
isr,20211210,34.85714
isr,20211211,35.85714
isr,20211212,36.42857
isr,20211213,36.71429
isr,20211214,36.85714
isr,20211215,36.57143
isr,20211216,36.28571
isr,20211217,34.28571
isr,20211218,32.42857
isr,20211219,31.71429
isr,20211220,31.14286
isr,20211221,31.57143
isr,20211222,32.85714
isr,20211223,35
isr,20211224,38.71429
isr,20211225,43.57143
isr,20211226,48.85714
isr,20211227,53.42857
isr,20211228,57.85714
isr,20211229,62.71429
isr,20211230,66.57143
isr,20211231,69.28571
isr,20220101,70.85714
isr,20220102,72.42857
isr,20220103,75.28571
isr,20220104,78.57143
isr,20220105,83.42857
isr,20220106,91.14286
isr,20220107,102.85714
isr,20220108,117.57143
isr,20220109,135.57143
isr,20220110,158.85714
isr,20220111,188.57143
isr,20220112,216.71429
isr,20220113,251.28571
isr,20220114,290.28571
isr,20220115,335
ita,20201209,1248
ita,20201210,1265
ita,20201211,1273
ita,20201212,1277.75
ita,20201213,1281
ita,20201214,1282.16667
ita,20201215,1284
ita,20201216,1296.28571
ita,20201217,1294
ita,20201218,1288
ita,20201219,1276.57143
ita,20201220,1260.42857
ita,20201221,1248.42857
ita,20201222,1235.71429
ita,20201223,1221
ita,20201224,1211.14286
ita,20201225,1200.57143
ita,20201226,1191.14286
ita,20201227,1190
ita,20201228,1186.42857
ita,20201229,1190.42857
ita,20201230,1185
ita,20201231,1192
ita,20210101,1199.57143
ita,20210102,1211.14286
ita,20210103,1219.71429
ita,20210104,1223
ita,20210105,1210.71429
ita,20210106,1205.42857
ita,20210107,1186
ita,20210108,1175.42857
ita,20210109,1171.71429
ita,20210110,1171
ita,20210111,1179.28571
ita,20210112,1194.42857
ita,20210113,1205.85714
ita,20210114,1225
ita,20210115,1233.71429
ita,20210116,1233.57143
ita,20210117,1221.42857
ita,20210118,1201
ita,20210119,1178.57143
ita,20210120,1156.85714
ita,20210121,1132.71429
ita,20210122,1111.28571
ita,20210123,1092.28571
ita,20210124,1080.85714
ita,20210125,1074.28571
ita,20210126,1068.57143
ita,20210127,1059.42857
ita,20210128,1044
ita,20210129,1030.85714
ita,20210130,1011.14286
ita,20210131,988.71429
ita,20210201,964.42857
ita,20210202,941.57143
ita,20210203,926.57143
ita,20210204,925.57143
ita,20210205,921.71429
ita,20210206,925.57143
ita,20210207,933.85714
ita,20210208,942
ita,20210209,949
ita,20210210,956.57143
ita,20210211,958.28571
ita,20210212,965.28571
ita,20210213,966.85714
ita,20210214,970.28571
ita,20210215,972.14286
ita,20210216,976.85714
ita,20210217,972.42857
ita,20210218,971.14286
ita,20210219,966.57143
ita,20210220,968.42857
ita,20210221,967.14286
ita,20210222,974
ita,20210223,985.85714
ita,20210224,1013
ita,20210225,1036.57143
ita,20210226,1065.71429
ita,20210227,1095.85714
ita,20210228,1127
ita,20210301,1153.71429
ita,20210302,1177.85714
ita,20210303,1199
ita,20210304,1227.71429
ita,20210305,1256
ita,20210306,1287.85714
ita,20210307,1323.14286
ita,20210308,1365.71429
ita,20210309,1412.71429
ita,20210310,1457.85714
ita,20210311,1500.14286
ita,20210312,1538.14286
ita,20210313,1576.85714
ita,20210314,1623
ita,20210315,1662.28571
ita,20210316,1699.42857
ita,20210317,1742.28571
ita,20210318,1777.85714
ita,20210319,1815.42857
ita,20210320,1841.14286
ita,20210321,1853.57143
ita,20210322,1862
ita,20210323,1864.28571
ita,20210324,1853
ita,20210325,1845.71429
ita,20210326,1842.14286
ita,20210327,1845.42857
ita,20210328,1848.14286
ita,20210329,1848.14286
ita,20210330,1841.57143
ita,20210331,1836
ita,20210401,1826.57143
ita,20210402,1802.85714
ita,20210403,1771.85714
ita,20210404,1739.85714
ita,20210405,1712.85714
ita,20210406,1685.85714
ita,20210407,1660.28571
ita,20210408,1639.14286
ita,20210409,1620.28571
ita,20210410,1598.85714
ita,20210411,1577.71429
ita,20210412,1553
ita,20210413,1538.14286
ita,20210414,1515.71429
ita,20210415,1484.28571
ita,20210416,1459.57143
ita,20210417,1438.42857
ita,20210418,1418.42857
ita,20210419,1398.28571
ita,20210420,1366.57143
ita,20210421,1334.71429
ita,20210422,1304.42857
ita,20210423,1266.57143
ita,20210424,1229.14286
ita,20210425,1186.42857
ita,20210426,1146.14286
ita,20210427,1113.71429
ita,20210428,1091.85714
ita,20210429,1068.85714
ita,20210430,1050.14286
ita,20210501,1034.28571
ita,20210502,1024.71429
ita,20210503,1014.85714
ita,20210504,999.85714
ita,20210505,979.28571
ita,20210506,964.85714
ita,20210507,948.71429
ita,20210508,927.85714
ita,20210509,906.85714
ita,20210510,881.57143
ita,20210511,857
ita,20210512,828.85714
ita,20210513,794.42857
ita,20210514,762.57143
ita,20210515,728.71429
ita,20210516,689.57143
ita,20210517,654.71429
ita,20210518,623
ita,20210519,595.57143
ita,20210520,573
ita,20210521,545
ita,20210522,523.85714
ita,20210523,507.14286
ita,20210524,489
ita,20210525,467.14286
ita,20210526,443.85714
ita,20210527,417.85714
ita,20210528,397.28571
ita,20210529,371.57143
ita,20210530,344.57143
ita,20210531,319.14286
ita,20210601,298.71429
ita,20210602,281.85714
ita,20210603,267.42857
ita,20210604,251.71429
ita,20210605,239.71429
ita,20210606,229.71429
ita,20210607,219.28571
ita,20210608,206.14286
ita,20210609,192.57143
ita,20210610,181.85714
ita,20210611,173.71429
ita,20210612,167.57143
ita,20210613,162.42857
ita,20210614,157.14286
ita,20210615,156.57143
ita,20210616,155.14286
ita,20210617,150.71429
ita,20210618,145
ita,20210619,136.42857
ita,20210620,126.71429
ita,20210621,118.71429
ita,20210622,107.14286
ita,20210623,97
ita,20210624,88.57143
ita,20210625,81.14286
ita,20210626,75.71429
ita,20210627,71.14286
ita,20210628,66.28571
ita,20210629,63.57143
ita,20210630,61.57143
ita,20210701,59.28571
ita,20210702,56.71429
ita,20210703,53.28571
ita,20210704,49.71429
ita,20210705,46.28571
ita,20210706,43.28571
ita,20210707,40.85714
ita,20210708,39.28571
ita,20210709,39.14286
ita,20210710,40.57143
ita,20210711,42.28571
ita,20210712,44.71429
ita,20210713,46.28571
ita,20210714,47.14286
ita,20210715,48.28571
ita,20210716,49.42857
ita,20210717,50.42857
ita,20210718,51.14286
ita,20210719,53.28571
ita,20210720,56.57143
ita,20210721,60.28571
ita,20210722,63.71429
ita,20210723,66
ita,20210724,69.57143
ita,20210725,75.42857
ita,20210726,78.85714
ita,20210727,82.42857
ita,20210728,85.71429
ita,20210729,90
ita,20210730,96.14286
ita,20210731,101.14286
ita,20210801,105.14286
ita,20210802,111.85714
ita,20210803,119.28571
ita,20210804,127.42857
ita,20210805,135.14286
ita,20210806,143.14286
ita,20210807,151.14286
ita,20210808,158.57143
ita,20210809,166
ita,20210810,172
ita,20210811,181
ita,20210812,191
ita,20210813,199.71429
ita,20210814,209
ita,20210815,218.71429
ita,20210816,225.42857
ita,20210817,235.42857
ita,20210818,243.14286
ita,20210819,249.57143
ita,20210820,254.28571
ita,20210821,258.28571
ita,20210822,262.14286
ita,20210823,268.85714
ita,20210824,271.85714
ita,20210825,271.14286
ita,20210826,269.71429
ita,20210827,271.85714
ita,20210828,273.85714
ita,20210829,276.85714
ita,20210830,278.71429
ita,20210831,281.42857
ita,20210901,287.28571
ita,20210902,295
ita,20210903,300.42857
ita,20210904,307.14286
ita,20210905,311.28571
ita,20210906,312.14286
ita,20210907,311.28571
ita,20210908,309.28571
ita,20210909,304.14286
ita,20210910,298.28571
ita,20210911,289
ita,20210912,280.57143
ita,20210913,275.14286
ita,20210914,269.42857
ita,20210915,263.14286
ita,20210916,257.28571
ita,20210917,251.71429
ita,20210918,246.71429
ita,20210919,242.42857
ita,20210920,235.71429
ita,20210921,231.85714
ita,20210922,230
ita,20210923,229.28571
ita,20210924,229.14286
ita,20210925,229.57143
ita,20210926,226.85714
ita,20210927,227.28571
ita,20210928,223.71429
ita,20210929,216.57143
ita,20210930,208.85714
ita,20211001,198.85714
ita,20211002,189.71429
ita,20211003,183
ita,20211004,174.14286
ita,20211005,167.85714
ita,20211006,164.14286
ita,20211007,160.71429
ita,20211008,159
ita,20211009,155.57143
ita,20211010,151.14286
ita,20211011,147.14286
ita,20211012,143.71429
ita,20211013,139.42857
ita,20211014,135.14286
ita,20211015,131.71429
ita,20211016,129.28571
ita,20211017,128.28571
ita,20211018,129
ita,20211019,130.14286
ita,20211020,132.85714
ita,20211021,135.85714
ita,20211022,138.71429
ita,20211023,143.28571
ita,20211024,148
ita,20211025,150.14286
ita,20211026,152.85714
ita,20211027,155
ita,20211028,158.57143
ita,20211029,161.28571
ita,20211030,162.85714
ita,20211031,163.85714
ita,20211101,168.71429
ita,20211102,171.71429
ita,20211103,175
ita,20211104,177.42857
ita,20211105,183.14286
ita,20211106,189.28571
ita,20211107,196.85714
ita,20211108,202.28571
ita,20211109,210.71429
ita,20211110,219
ita,20211111,226.85714
ita,20211112,233.42857
ita,20211113,241.85714
ita,20211114,249.42857
ita,20211115,257.57143
ita,20211116,261.57143
ita,20211117,265.85714
ita,20211118,272.57143
ita,20211119,276.71429
ita,20211120,280.14286
ita,20211121,284
ita,20211122,288.85714
ita,20211123,298.14286
ita,20211124,308.14286
ita,20211125,315.85714
ita,20211126,327.42857
ita,20211127,340
ita,20211128,352.28571
ita,20211129,363.28571
ita,20211130,371.85714
ita,20211201,380.85714
ita,20211202,389.28571
ita,20211203,395.28571
ita,20211204,397.42857
ita,20211205,399.85714
ita,20211206,399.85714
ita,20211207,403
ita,20211208,404.28571
ita,20211209,407.85714
ita,20211210,413.42857
ita,20211211,422.71429
ita,20211212,432.42857
ita,20211213,446.14286
ita,20211214,456.85714
ita,20211215,470.71429
ita,20211216,487.14286
ita,20211217,500.42857
ita,20211218,514
ita,20211219,529.71429
ita,20211220,545.14286
ita,20211221,560.42857
ita,20211222,573.71429
ita,20211223,581.28571
ita,20211224,594.28571
ita,20211225,606.14286
ita,20211226,615.57143
ita,20211227,627
ita,20211228,641.28571
ita,20211229,659.28571
ita,20211230,684.28571
ita,20211231,707.14286
ita,20220101,732.57143
ita,20220102,759.71429
ita,20220103,783.42857
ita,20220104,808.71429
ita,20220105,830
ita,20220106,851.57143
ita,20220107,870.85714
ita,20220108,888.71429
ita,20220109,909.28571
ita,20220110,931
ita,20220111,952.42857
ita,20220112,976.42857
ita,20220113,991.28571
ita,20220114,1008.28571
ita,20220115,1020.71429
ita,20220116,1025.71429
ita,20220117,1030.28571
lva,20200106,0
lva,20200118,0
lva,20200212,0
lva,20200301,0
lva,20200308,0
lva,20200315,0
lva,20200322,0
lva,20200329,0.42857
lva,20200405,1
lva,20200412,1
lva,20200419,1.42857
lva,20200426,2
lva,20200503,2.28571
lva,20200510,2.28571
lva,20200517,2
lva,20200524,1.42857
lva,20200531,1.57143
lva,20200607,1.42857
lva,20200614,0.85714
lva,20200621,0.57143
lva,20200628,0.57143
lva,20200705,0.42857
lva,20200712,0.42857
lva,20200719,0.28571
lva,20200726,0
lva,20200802,0
lva,20200809,0
lva,20200816,0
lva,20200823,0
lva,20200830,0
lva,20200906,0
lva,20200913,0
lva,20200920,0
lva,20200927,0
lva,20201004,0.57143
lva,20201011,1
lva,20201018,1.85714
lva,20201025,3
lva,20201101,5.71429
lva,20201108,8.85714
lva,20201115,12.28571
lva,20201122,17.42857
lva,20201129,28.42857
lva,20201206,40.85714
lva,20201213,54.71429
lva,20201220,64.85714
lva,20201227,74.57143
lva,20210103,86.71429
lva,20210110,97.57143
lva,20210117,107.28571
lva,20210124,116.57143
lva,20210131,124.42857
lva,20210207,133.28571
lva,20210214,142.28571
lva,20210221,144.28571
lva,20210228,144.85714
lva,20210307,140.28571
lva,20210314,135.42857
lva,20210321,127.42857
lva,20210328,122.28571
lva,20210404,118.57143
lva,20210411,120
lva,20210418,121
lva,20210425,122.14286
lva,20210502,124.14286
lva,20210509,128
lva,20210516,129.85714
lva,20210523,128.85714
lva,20210530,126.14286
lva,20210606,120.28571
lva,20210613,114.57143
lva,20210620,105.71429
lva,20210627,94.42857
lva,20210704,82.71429
lva,20210711,68.85714
lva,20210718,55.85714
lva,20210725,45.57143
lva,20210801,35.42857
lva,20210808,27.28571
lva,20210815,22.57143
lva,20210822,18.14286
lva,20210829,19
lva,20210905,21.71429
lva,20210912,25.57143
lva,20210919,32.71429
lva,20210926,42.42857
lva,20211003,55.14286
lva,20211010,71.42857
lva,20211017,94.71429
lva,20211024,121.71429
lva,20211031,158.28571
lva,20211107,208.28571
lva,20211114,251.57143
lva,20211121,280.71429
lva,20211128,300
lva,20211205,302
lva,20211212,293
lva,20211219,273.57143
lva,20211226,233.28571
lva,20220102,195.85714
lva,20220109,173.71429
mlt,20200920,5
mlt,20200927,4.5
mlt,20201004,4.33333
mlt,20201011,4.25
mlt,20201018,4.6
mlt,20201025,5.33333
mlt,20201101,5.28571
mlt,20201108,5
mlt,20201115,5.42857
mlt,20201122,5.42857
mlt,20201129,6.14286
mlt,20201206,5.85714
mlt,20201213,5.14286
mlt,20201220,5
mlt,20201227,5.14286
mlt,20210103,5.28571
mlt,20210110,4.85714
mlt,20210117,4.42857
mlt,20210124,4.42857
mlt,20210131,4.57143
mlt,20210207,4.85714
mlt,20210214,5
mlt,20210221,5.28571
mlt,20210228,6.42857
mlt,20210307,6.42857
mlt,20210314,7.85714
mlt,20210321,8.14286
mlt,20210328,7.42857
mlt,20210411,7.71429
mlt,20210425,6.71429
mlt,20210502,5.57143
mlt,20210509,5
mlt,20210516,3.28571
mlt,20210704,2.42857
mlt,20210711,2.42857
mlt,20210801,2.14286
mlt,20210808,1.85714
mlt,20210815,2.28571
mlt,20210822,2.28571
mlt,20210829,2.28571
mlt,20210905,2.42857
mlt,20210912,2.57143
mlt,20210919,2
mlt,20210926,2.28571
mlt,20211010,1.85714
mlt,20211024,2.14286
mlt,20211114,2
mlt,20211121,1.85714
mlt,20211205,1.85714
mlt,20211212,2.14286
mlt,20211219,1.85714
mlt,20211226,2.28571
mlt,20220102,2.28571
mlt,20220109,2.71429
nld,20201023,314
nld,20201024,319
nld,20201025,320.66667
nld,20201026,324.25
nld,20201027,326
nld,20201028,328
nld,20201029,328.14286
nld,20201030,329.42857
nld,20201031,332.71429
nld,20201101,340.28571
nld,20201102,346
nld,20201103,352.85714
nld,20201104,358
nld,20201105,362.71429
nld,20201106,367.71429
nld,20201107,363.71429
nld,20201108,352.28571
nld,20201109,340.14286
nld,20201110,324.28571
nld,20201111,307.42857
nld,20201112,291.71429
nld,20201113,276.42857
nld,20201114,266
nld,20201115,256.71429
nld,20201116,246.85714
nld,20201117,239.71429
nld,20201118,233.28571
nld,20201119,228.28571
nld,20201120,223.85714
nld,20201121,222
nld,20201122,222.71429
nld,20201123,224.14286
nld,20201124,224.85714
nld,20201125,228.57143
nld,20201126,230.85714
nld,20201127,231
nld,20201128,225.57143
nld,20201129,218.42857
nld,20201130,211.42857
nld,20201201,203.57143
nld,20201202,192
nld,20201203,179.28571
nld,20201204,169
nld,20201205,164.14286
nld,20201206,160.85714
nld,20201207,159.14286
nld,20201208,159.42857
nld,20201209,163.28571
nld,20201210,169.57143
nld,20201211,175.42857
nld,20201212,180.42857
nld,20201213,187.14286
nld,20201214,194.71429
nld,20201215,205.42857
nld,20201216,213.42857
nld,20201217,222.42857
nld,20201218,234.28571
nld,20201219,246.42857
nld,20201220,256.42857
nld,20201221,264.85714
nld,20201222,268
nld,20201223,276.28571
nld,20201224,282.85714
nld,20201225,284.71429
nld,20201226,285
nld,20201227,286.14286
nld,20201228,289.57143
nld,20201229,300.42857
nld,20201230,308.42857
nld,20201231,316.42857
nld,20210101,325.42857
nld,20210102,334.14286
nld,20210103,340.14286
nld,20210104,341.85714
nld,20210105,334.28571
nld,20210106,322
nld,20210107,308.42857
nld,20210108,295.42857
nld,20210109,284.14286
nld,20210110,274.14286
nld,20210111,263.57143
nld,20210112,256.28571
nld,20210113,253.57143
nld,20210114,254.85714
nld,20210115,254.28571
nld,20210116,251.42857
nld,20210117,251
nld,20210118,253.57143
nld,20210119,256.42857
nld,20210120,255.57143
nld,20210121,250.28571
nld,20210122,247.85714
nld,20210123,246.42857
nld,20210124,243.71429
nld,20210125,239.85714
nld,20210126,237.57143
nld,20210127,239.57143
nld,20210128,242.28571
nld,20210129,244.71429
nld,20210130,246.85714
nld,20210131,246.71429
nld,20210201,247.14286
nld,20210202,242.85714
nld,20210203,235.14286
nld,20210204,228.42857
nld,20210205,219
nld,20210206,209.14286
nld,20210207,199.42857
nld,20210208,190
nld,20210209,183.42857
nld,20210210,178
nld,20210211,171.71429
nld,20210212,168.85714
nld,20210213,168.42857
nld,20210214,169.57143
nld,20210215,169.85714
nld,20210216,171.42857
nld,20210217,175.71429
nld,20210218,182.28571
nld,20210219,185.71429
nld,20210220,186
nld,20210221,188.42857
nld,20210222,193.57143
nld,20210223,197.71429
nld,20210224,197.85714
nld,20210225,196
nld,20210226,197.57143
nld,20210227,201.14286
nld,20210228,200.71429
nld,20210301,197.14286
nld,20210302,196.71429
nld,20210303,202.42857
nld,20210304,209
nld,20210305,214.85714
nld,20210306,222.42857
nld,20210307,234.42857
nld,20210308,247.85714
nld,20210309,255.85714
nld,20210310,256.71429
nld,20210311,260
nld,20210312,262.28571
nld,20210313,263.71429
nld,20210314,262.28571
nld,20210315,262.28571
nld,20210316,265.14286
nld,20210317,272.14286
nld,20210318,273.42857
nld,20210319,275.71429
nld,20210320,278.28571
nld,20210321,280.28571
nld,20210322,281
nld,20210323,280.42857
nld,20210324,278.85714
nld,20210325,281
nld,20210326,281.85714
nld,20210327,280.85714
nld,20210328,282.14286
nld,20210329,280.85714
nld,20210330,283
nld,20210331,285.71429
nld,20210401,291.57143
nld,20210402,298.28571
nld,20210403,305.85714
nld,20210404,313.71429
nld,20210405,326.71429
nld,20210406,336.28571
nld,20210407,347.28571
nld,20210408,353.85714
nld,20210409,359.42857
nld,20210410,364.42857
nld,20210411,366.57143
nld,20210412,363.71429
nld,20210413,361.85714
nld,20210414,356.28571
nld,20210415,348.71429
nld,20210416,342.42857
nld,20210417,337.28571
nld,20210418,334.85714
nld,20210419,334.14286
nld,20210420,335.14286
nld,20210421,337.85714
nld,20210422,342.85714
nld,20210423,346.71429
nld,20210424,348
nld,20210425,346.57143
nld,20210426,344
nld,20210427,339.42857
nld,20210428,334
nld,20210429,329.57143
nld,20210430,325.28571
nld,20210501,324.14286
nld,20210502,323
nld,20210503,324.85714
nld,20210504,325.42857
nld,20210505,327.42857
nld,20210506,328.57143
nld,20210507,329.28571
nld,20210508,325.14286
nld,20210509,319.85714
nld,20210510,311.57143
nld,20210511,302.14286
nld,20210512,291
nld,20210513,279.14286
nld,20210514,264.71429
nld,20210515,254
nld,20210516,245.85714
nld,20210517,236.85714
nld,20210518,231
nld,20210519,224.57143
nld,20210520,217
nld,20210521,212.85714
nld,20210522,206
nld,20210523,199
nld,20210524,193.57143
nld,20210525,185.42857
nld,20210526,176.85714
nld,20210527,169.28571
nld,20210528,161.85714
nld,20210529,155.71429
nld,20210530,147.57143
nld,20210531,138.71429
nld,20210601,130.28571
nld,20210602,122.85714
nld,20210603,115.85714
nld,20210604,106.57143
nld,20210605,96.85714
nld,20210606,88.57143
nld,20210607,81.14286
nld,20210608,75
nld,20210609,69.57143
nld,20210610,64.85714
nld,20210611,61.14286
nld,20210612,58.57143
nld,20210613,56
nld,20210614,54
nld,20210615,52.85714
nld,20210616,52.28571
nld,20210617,50.71429
nld,20210618,49.42857
nld,20210627,45.42857
nld,20210628,41.71429
nld,20210629,37.28571
nld,20210630,31.71429
nld,20210701,25.85714
nld,20210702,20.57143
nld,20210703,15.42857
nld,20210704,12.85714
nld,20210705,10.28571
nld,20210706,8.57143
nld,20210707,7.57143
nld,20210708,6.57143
nld,20210709,6
nld,20210710,6
nld,20210711,7
nld,20210712,8.14286
nld,20210713,9
nld,20210714,10.28571
nld,20210715,11.85714
nld,20210716,13.85714
nld,20210717,16.28571
nld,20210718,17.85714
nld,20210719,20.28571
nld,20210720,25.28571
nld,20210721,31.28571
nld,20210722,38.14286
nld,20210723,44.71429
nld,20210724,52.42857
nld,20210725,62.42857
nld,20210726,72.71429
nld,20210727,80
nld,20210728,87.42857
nld,20210729,95.57143
nld,20210730,104.42857
nld,20210731,111
nld,20210801,116
nld,20210802,120.42857
nld,20210803,124.28571
nld,20210804,125
nld,20210805,123.85714
nld,20210806,123.14286
nld,20210807,123.57143
nld,20210808,123.42857
nld,20210809,122.42857
nld,20210810,123.42857
nld,20210811,127
nld,20210812,129.85714
nld,20210813,129.71429
nld,20210814,128.42857
nld,20210815,126.57143
nld,20210816,123.71429
nld,20210817,118.71429
nld,20210818,111.85714
nld,20210819,105
nld,20210820,100.85714
nld,20210821,97.42857
nld,20210822,94.28571
nld,20210823,92.71429
nld,20210824,93.85714
nld,20210825,96.57143
nld,20210826,99.57143
nld,20210827,100.85714
nld,20210828,103.14286
nld,20210829,106.57143
nld,20210830,109.85714
nld,20210831,109.85714
nld,20210901,107.71429
nld,20210902,107
nld,20210903,106.28571
nld,20210904,102.71429
nld,20210905,97.57143
nld,20210906,92.85714
nld,20210907,90
nld,20210908,90.42857
nld,20210909,89.57143
nld,20210910,89.14286
nld,20210911,91.57143
nld,20210912,94.57143
nld,20210913,96
nld,20210914,97
nld,20210915,94.71429
nld,20210916,92.57143
nld,20210917,90.28571
nld,20210918,85.14286
nld,20210919,80.42857
nld,20210920,76.85714
nld,20210921,74.14286
nld,20210922,73.71429
nld,20210923,72.28571
nld,20210924,71.28571
nld,20210925,72.28571
nld,20210926,73.28571
nld,20210927,73.42857
nld,20210928,71.85714
nld,20210929,67.85714
nld,20210930,65.14286
nld,20211001,61.71429
nld,20211002,58.14286
nld,20211003,54.14286
nld,20211004,51.42857
nld,20211005,51.85714
nld,20211006,54.57143
nld,20211007,57.28571
nld,20211008,60.42857
nld,20211009,63
nld,20211010,66.14286
nld,20211011,69.28571
nld,20211012,69.42857
nld,20211013,68.42857
nld,20211014,68.28571
nld,20211015,69
nld,20211016,71.57143
nld,20211017,74.42857
nld,20211018,76.42857
nld,20211019,81
nld,20211020,87.28571
nld,20211021,92.85714
nld,20211022,99.14286
nld,20211023,103.85714
nld,20211024,108.57143
nld,20211025,114.57143
nld,20211026,118
nld,20211027,120.57143
nld,20211028,122.28571
nld,20211029,123.28571
nld,20211030,124.14286
nld,20211031,124
nld,20211101,122.71429
nld,20211102,123.57143
nld,20211103,125.71429
nld,20211104,130
nld,20211105,133.85714
nld,20211106,139.85714
nld,20211107,148
nld,20211108,158.71429
nld,20211109,167.71429
nld,20211110,174
nld,20211111,179.14286
nld,20211112,184.85714
nld,20211113,190.57143
nld,20211114,195.42857
nld,20211115,196.57143
nld,20211116,201.28571
nld,20211117,208.42857
nld,20211118,218.57143
nld,20211119,230
nld,20211120,238.57143
nld,20211121,246.71429
nld,20211122,257.28571
nld,20211123,266.57143
nld,20211124,276
nld,20211125,281.57143
nld,20211126,284.57143
nld,20211127,291.28571
nld,20211128,299.14286
nld,20211129,307.85714
nld,20211130,314.28571
nld,20211201,318.42857
nld,20211202,324.28571
nld,20211203,329.14286
nld,20211204,328.14286
nld,20211205,323.71429
nld,20211206,317.71429
nld,20211207,310.71429
nld,20211208,305
nld,20211209,294.42857
nld,20211210,287.57143
nld,20211211,285.57143
nld,20211212,285.42857
nld,20211213,281.71429
nld,20211214,281.14286
nld,20211215,278.28571
nld,20211216,279.14286
nld,20211217,275.71429
nld,20211218,268.85714
nld,20211219,261
nld,20211220,256.28571
nld,20211221,247.71429
nld,20211222,240
nld,20211223,230.85714
nld,20211224,221.71429
nld,20211225,213.28571
nld,20211226,205.42857
nld,20211227,197.42857
nld,20211228,191.85714
nld,20211229,187.28571
nld,20211230,183.14286
nld,20211231,180.71429
nld,20220101,178.57143
nld,20220102,176
nld,20220103,172.42857
nld,20220104,168.14286
nld,20220105,161.42857
nld,20220106,154.57143
nld,20220107,147.14286
nld,20220108,140.28571
nld,20220109,133.71429
nld,20220110,128.42857
nld,20220111,122.71429
nld,20220112,119
nld,20220113,116.28571
nld,20220114,113.85714
nld,20220115,110.85714
nld,20220116,108.71429
nld,20220117,105
nor,20200301,0
nor,20200308,0
nor,20200315,3.66667
nor,20200322,14
nor,20200329,26.8
nor,20200405,28.5
nor,20200412,26.14286
nor,20200419,28.28571
nor,20200426,30.14286
nor,20200503,29
nor,20200510,23.14286
nor,20200517,12.42857
nor,20200524,7.28571
nor,20200531,5.71429
nor,20200607,3.57143
nor,20200614,2.28571
nor,20200621,2.14286
nor,20200628,1.57143
nor,20200705,1.28571
nor,20200712,1.28571
nor,20200719,1.28571
nor,20200726,1.42857
nor,20200802,0.85714
nor,20200809,0.71429
nor,20200816,0.85714
nor,20200823,0.85714
nor,20200830,0.85714
nor,20200906,0.85714
nor,20200913,1
nor,20200920,1.28571
nor,20200927,1.57143
nor,20201004,1.85714
nor,20201011,2
nor,20201018,2.71429
nor,20201025,3.14286
nor,20201101,3.57143
nor,20201108,5.71429
nor,20201115,7.71429
nor,20201122,10.71429
nor,20201129,12.42857
nor,20201206,14.28571
nor,20201213,16.57143
nor,20201220,17.85714
nor,20201227,17.42857
nor,20210103,16.57143
nor,20210110,16.28571
nor,20210117,16.42857
nor,20210124,15.42857
nor,20210131,13.85714
nor,20210207,13.28571
nor,20210214,12.42857
nor,20210221,12
nor,20210228,10.57143
nor,20210307,11
nor,20210314,13.71429
nor,20210321,19.28571
nor,20210328,25.71429
nor,20210404,32.71429
nor,20210411,36.28571
nor,20210418,39.42857
nor,20210425,41.14286
nor,20210502,38.57143
nor,20210509,33.42857
nor,20210516,27.42857
nor,20210523,21.14286
nor,20210530,17.85714
nor,20210606,14.14286
nor,20210613,10.28571
nor,20210620,8.42857
nor,20210627,7.42857
nor,20210704,5.85714
nor,20210711,4.71429
nor,20210718,4
nor,20210725,3.28571
nor,20210801,3.28571
nor,20210808,4
nor,20210815,3.71429
nor,20210822,4.28571
nor,20210829,4.71429
nor,20210905,6.57143
nor,20210912,9.42857
nor,20210919,10.57143
nor,20210926,12.28571
nor,20211003,13.28571
nor,20211010,14.57143
nor,20211017,15.85714
nor,20211024,15
nor,20211031,14.85714
nor,20211107,18.85714
nor,20211114,20.28571
nor,20211121,22.14286
nor,20211128,26.42857
nor,20211205,30.71429
nor,20211212,39.28571
nor,20211219,45.28571
nor,20211226,47
nor,20220102,48.85714
nor,20220109,49.85714
svn,20200322,8
svn,20200329,13
svn,20200405,13
svn,20200412,13
svn,20200419,12
svn,20200426,10.66667
svn,20200503,9.71429
svn,20200510,8.57143
svn,20200517,6
svn,20200524,4.28571
svn,20200531,2.42857
svn,20200607,1.28571
svn,20200614,0.71429
svn,20200621,0.28571
svn,20200628,0.71429
svn,20200705,0.71429
svn,20200712,0.71429
svn,20200719,1.14286
svn,20200726,1.42857
svn,20200802,1.71429
svn,20200809,2
svn,20200816,1.71429
svn,20200823,1.71429
svn,20200830,2
svn,20200906,1.85714
svn,20200913,2.14286
svn,20200920,3.42857
svn,20200927,5
svn,20201004,5.71429
svn,20201011,9.57143
svn,20201018,15.14286
svn,20201025,23
svn,20201101,38.42857
svn,20201108,54.85714
svn,20201115,71
svn,20201122,87.71429
svn,20201129,100.85714
svn,20201206,112
svn,20201213,123
svn,20201220,122.42857
svn,20201227,120.14286
svn,20210103,117
svn,20210110,115.14286
svn,20210117,112.14286
svn,20210124,108.42857
svn,20210131,100.57143
svn,20210207,95.14286
svn,20210214,87.42857
svn,20210221,79
svn,20210228,71.42857
svn,20210307,62.71429
svn,20210314,56.85714
svn,20210321,53
svn,20210328,51.71429
svn,20210404,57
svn,20210411,61.85714
svn,20210418,64.14286
svn,20210425,69.85714
svn,20210502,71.57143
svn,20210509,73
svn,20210516,70.28571
svn,20210523,64
svn,20210530,56.28571
svn,20210606,47.85714
svn,20210613,39.57143
svn,20210620,32.28571
svn,20210627,23.85714
svn,20210704,18.14286
svn,20210711,11.57143
svn,20210718,8.14286
svn,20210725,6.42857
svn,20210801,4.14286
svn,20210808,2.71429
svn,20210815,3
svn,20210822,4.85714
svn,20210829,6.85714
svn,20210905,11
svn,20210912,17.57143
svn,20210919,25.28571
svn,20210926,32.85714
svn,20211003,41.57143
svn,20211010,48.14286
svn,20211017,53.71429
svn,20211024,58.57143
svn,20211031,64.57143
svn,20211107,74
svn,20211114,86.42857
svn,20211121,99.85714
svn,20211128,114
svn,20211205,125.28571
svn,20211212,130.85714
svn,20211219,130.42857
svn,20211226,123.57143
svn,20220102,113.57143
svn,20220109,101
