geo,time,weekly_icu_admissions_per_million
cyp,20200322,6.757
cyp,20200329,19.144
cyp,20200405,10.135
cyp,20200412,10.135
cyp,20200419,4.504
cyp,20200426,2.252
cyp,20200503,1.126
cyp,20200510,2.252
cyp,20200802,1.126
cyp,20200809,1.126
cyp,20200823,1.126
cyp,20200913,1.126
cyp,20200927,2.252
cyp,20201004,4.504
cyp,20201018,3.378
cyp,20201025,4.504
cyp,20201101,4.504
cyp,20201108,6.757
cyp,20201115,14.64
cyp,20201122,6.757
cyp,20201129,9.009
cyp,20201206,11.261
cyp,20201213,9.009
cyp,20201220,16.892
cyp,20201227,23.649
cyp,20210103,14.64
cyp,20210110,24.775
cyp,20210117,30.405
cyp,20210124,18.018
cyp,20210131,10.135
cyp,20210207,7.883
cyp,20210214,12.387
cyp,20210221,11.261
cyp,20210228,3.378
cyp,20210307,10.135
cyp,20210314,27.027
cyp,20210321,20.27
cyp,20210328,27.027
cyp,20210404,23.649
cyp,20210411,27.027
cyp,20210418,30.405
cyp,20210425,27.027
cyp,20210502,24.775
cyp,20210509,20.27
cyp,20210516,18.018
cyp,20210523,14.64
cyp,20210530,5.631
cyp,20210606,1.126
cyp,20210613,5.631
cyp,20210620,9.009
cyp,20210627,2.252
cyp,20210704,12.387
cyp,20210711,11.261
cyp,20210718,24.775
cyp,20210725,29.279
cyp,20210801,34.91
cyp,20210808,34.91
cyp,20210815,34.91
cyp,20210822,21.396
cyp,20210829,12.387
cyp,20210905,10.135
cyp,20210912,15.766
cyp,20210919,14.64
cyp,20210926,16.892
cyp,20211003,5.631
cyp,20211010,4.504
cyp,20211017,6.757
cyp,20211024,7.883
cyp,20211031,10.135
cyp,20211107,5.631
cyp,20211114,13.513
cyp,20211121,10.135
cyp,20211128,14.64
cyp,20211205,18.018
cyp,20211212,16.892
cze,20200106,0
cze,20200118,0
cze,20200212,0
cze,20200301,0
cze,20200308,0
cze,20200315,0
cze,20200322,2.712
cze,20200329,8.322
cze,20200405,11.969
cze,20200412,13.653
cze,20200419,12.156
cze,20200426,11.034
cze,20200503,7.294
cze,20200510,5.704
cze,20200517,4.395
cze,20200524,2.992
cze,20200531,1.964
cze,20200607,1.59
cze,20200614,1.496
cze,20200621,1.309
cze,20200628,1.496
cze,20200705,1.683
cze,20200712,2.151
cze,20200719,1.683
cze,20200726,1.683
cze,20200802,2.057
cze,20200809,2.712
cze,20200816,2.992
cze,20200823,3.834
cze,20200830,5.424
cze,20200906,7.107
cze,20200913,9.445
cze,20200920,16.738
cze,20200927,27.118
cze,20201004,39.836
cze,20201011,65.084
cze,20201018,90.706
cze,20201025,132.411
cze,20201101,166.73
cze,20201108,188.237
cze,20201115,173.276
cze,20201122,152.61
cze,20201129,131.663
cze,20201206,114.364
cze,20201213,112.681
cze,20201220,116.795
cze,20201227,129.606
cze,20210103,159.343
cze,20210110,182.907
cze,20210117,187.583
cze,20210124,174.211
cze,20210131,165.701
cze,20210207,174.678
cze,20210214,179.821
cze,20210221,198.524
cze,20210228,226.764
cze,20210307,261.831
cze,20210314,279.504
cze,20210321,276.792
cze,20210328,260.521
cze,20210404,227.793
cze,20210411,194.222
cze,20210418,158.407
cze,20210425,128.11
cze,20210502,98.28
cze,20210509,74.061
cze,20210516,55.171
cze,20210523,37.591
cze,20210530,22.162
cze,20210606,13.933
cze,20210613,7.481
cze,20210620,4.956
cze,20210627,2.338
cze,20210704,2.057
cze,20210711,1.496
cze,20210718,1.777
cze,20210725,1.87
cze,20210801,1.964
cze,20210808,2.525
cze,20210815,2.712
cze,20210822,3.46
cze,20210829,2.805
cze,20210905,2.431
cze,20210912,3.927
cze,20210919,6.265
cze,20210926,6.452
cze,20211003,7.574
cze,20211010,11.502
cze,20211017,16.645
cze,20211024,25.435
cze,20211031,37.404
cze,20211107,61.343
cze,20211114,85.282
cze,20211121,115.579
cze,20211128,139.986
cze,20211205,152.142
cze,20211212,150.366
deu,20200326,0
deu,20200327,0
deu,20200328,0
deu,20200329,0
deu,20200330,0
deu,20200331,0
deu,20200401,0
deu,20200402,0
deu,20200403,0
deu,20200404,0
deu,20200405,0
deu,20200406,0
deu,20200407,0
deu,20200408,0
deu,20200409,0
deu,20200410,0
deu,20200411,0
deu,20200412,0
deu,20200413,0
deu,20200414,0
deu,20200415,0
deu,20200416,0
deu,20200417,0
deu,20200418,0
deu,20200419,0
deu,20200420,0
deu,20200421,0
deu,20200422,0
deu,20200423,0
deu,20200424,0
deu,20200425,0
deu,20200426,0
deu,20200427,0
deu,20200428,0
deu,20200429,0
deu,20200430,0
deu,20200501,0
deu,20200502,0
deu,20200503,0
deu,20200504,0
deu,20200505,0
deu,20200506,0
deu,20200507,0
deu,20200508,0
deu,20200509,0
deu,20200510,0
deu,20200511,0
deu,20200512,0
deu,20200513,0
deu,20200514,0
deu,20200515,0
deu,20200516,0
deu,20200517,0
deu,20200518,0
deu,20200519,0
deu,20200520,0
deu,20200521,0
deu,20200522,0
deu,20200523,0
deu,20200524,0
deu,20200525,0
deu,20200526,0
deu,20200527,0
deu,20200528,0
deu,20200529,0
deu,20200530,0
deu,20200531,0
deu,20200601,0
deu,20200602,0
deu,20200603,0
deu,20200604,0
deu,20200605,0
deu,20200606,0
deu,20200607,0
deu,20200608,0
deu,20200609,0
deu,20200610,0
deu,20200611,0
deu,20200612,0
deu,20200613,0
deu,20200614,0
deu,20200615,0
deu,20200616,0
deu,20200617,0
deu,20200618,0
deu,20200619,0
deu,20200620,0
deu,20200621,0
deu,20200622,0
deu,20200623,0
deu,20200624,0
deu,20200625,0
deu,20200626,0
deu,20200627,0
deu,20200628,0
deu,20200629,0
deu,20200630,0
deu,20200701,0
deu,20200702,0
deu,20200703,0
deu,20200704,0
deu,20200705,0
deu,20200706,0
deu,20200707,0
deu,20200708,0
deu,20200709,0
deu,20200710,0
deu,20200711,0
deu,20200712,0
deu,20200713,0
deu,20200714,0
deu,20200715,0
deu,20200716,0
deu,20200717,0
deu,20200718,0
deu,20200719,0
deu,20200720,0
deu,20200721,0
deu,20200722,0
deu,20200723,0
deu,20200724,0
deu,20200725,0
deu,20200726,0
deu,20200727,0
deu,20200728,0
deu,20200729,0
deu,20200730,0
deu,20200731,0
deu,20200801,0
deu,20200802,0
deu,20200803,0
deu,20200804,0
deu,20200805,0
deu,20200806,0
deu,20200807,0
deu,20200808,0
deu,20200809,0
deu,20200810,0
deu,20200811,0
deu,20200812,0
deu,20200813,0
deu,20200814,0
deu,20200815,0
deu,20200816,0
deu,20200817,0
deu,20200818,0
deu,20200819,0
deu,20200820,0
deu,20200821,0
deu,20200822,0
deu,20200823,0
deu,20200824,0
deu,20200825,0
deu,20200826,0
deu,20200827,0
deu,20200828,0
deu,20200829,0
deu,20200830,0
deu,20200831,0
deu,20200901,0
deu,20200902,0
deu,20200903,0
deu,20200904,0
deu,20200905,0
deu,20200906,0
deu,20200907,0
deu,20200908,0
deu,20200909,0
deu,20200910,0
deu,20200911,0
deu,20200912,0
deu,20200913,0
deu,20200914,0
deu,20200915,0
deu,20200916,0
deu,20200917,0
deu,20200918,0
deu,20200919,0
deu,20200920,0
deu,20200921,0
deu,20200922,0
deu,20200923,0
deu,20200924,0
deu,20200925,0
deu,20200926,0
deu,20200927,0
deu,20200928,0
deu,20200929,0
deu,20200930,0
deu,20201001,0
deu,20201002,0
deu,20201003,0
deu,20201004,0
deu,20201005,0
deu,20201006,0
deu,20201007,0
deu,20201008,0
deu,20201009,0
deu,20201010,0
deu,20201011,0
deu,20201012,0
deu,20201013,0
deu,20201014,0
deu,20201015,0
deu,20201016,0
deu,20201017,0
deu,20201018,0
deu,20201019,0
deu,20201020,0
deu,20201021,0
deu,20201022,0
deu,20201023,0
deu,20201024,0
deu,20201025,0
deu,20201026,0
deu,20201027,0
deu,20201028,0
deu,20201029,0
deu,20201030,0
deu,20201031,0
deu,20201101,0
deu,20201102,0
deu,20201103,0
deu,20201104,0
deu,20201105,0
deu,20201106,0
deu,20201107,0
deu,20201108,0
deu,20201109,0
deu,20201110,0
deu,20201111,0
deu,20201112,0
deu,20201113,0
deu,20201114,0
deu,20201115,0
deu,20201116,0
deu,20201117,0
deu,20201118,0
deu,20201119,0
deu,20201120,0
deu,20201121,0
deu,20201122,0
deu,20201123,0
deu,20201124,0
deu,20201125,0
deu,20201126,0
deu,20201127,0
deu,20201128,0
deu,20201129,0
deu,20201130,0
deu,20201201,0
deu,20201202,0
deu,20201203,0
deu,20201204,0
deu,20201205,0
deu,20201206,0
deu,20201207,0
deu,20201208,0
deu,20201209,0
deu,20201210,0
deu,20201211,0
deu,20201212,0
deu,20201213,0
deu,20201214,0
deu,20201215,0
deu,20201216,0
deu,20201217,0
deu,20201218,0
deu,20201219,0
deu,20201220,0
deu,20201221,0
deu,20201222,0
deu,20201223,0
deu,20201224,0
deu,20201225,0
deu,20201226,0
deu,20201227,0
deu,20201228,0
deu,20201229,0
deu,20201230,0
deu,20201231,0
deu,20210101,0
deu,20210102,0
deu,20210103,0
deu,20210104,0
deu,20210105,0
deu,20210106,0
deu,20210107,0
deu,20210108,0
deu,20210109,0
deu,20210110,0
deu,20210111,0
deu,20210112,0
deu,20210113,0
deu,20210114,0
deu,20210115,0
deu,20210116,0
deu,20210117,0
deu,20210118,0
deu,20210119,0
deu,20210120,0
deu,20210121,0
deu,20210122,0
deu,20210123,0
deu,20210124,0
deu,20210125,0
deu,20210126,0
deu,20210127,0
deu,20210128,0
deu,20210129,0
deu,20210130,0
deu,20210131,0
deu,20210201,0
deu,20210202,0
deu,20210203,0
deu,20210204,0
deu,20210205,0
deu,20210206,0
deu,20210207,0
deu,20210208,0
deu,20210209,0
deu,20210210,0
deu,20210211,0
deu,20210212,0
deu,20210213,0
deu,20210214,0
deu,20210215,0
deu,20210216,0
deu,20210217,0
deu,20210218,0
deu,20210219,0
deu,20210220,0
deu,20210221,0
deu,20210222,0
deu,20210223,0
deu,20210224,0
deu,20210225,0
deu,20210226,0
deu,20210227,0
deu,20210228,0
deu,20210301,0
deu,20210302,0
deu,20210303,0
deu,20210304,0
deu,20210305,0
deu,20210306,0
deu,20210307,0
deu,20210308,0
deu,20210309,0
deu,20210310,0
deu,20210311,0
deu,20210312,0
deu,20210313,0
deu,20210314,0
deu,20210315,0
deu,20210316,0
deu,20210317,0
deu,20210318,0
deu,20210319,0
deu,20210320,0
deu,20210321,0
deu,20210322,0
deu,20210323,0
deu,20210324,0
deu,20210325,0
deu,20210326,0
deu,20210327,0
deu,20210328,0
deu,20210329,0
deu,20210330,0
deu,20210331,0
deu,20210401,0
deu,20210402,0
deu,20210403,0
deu,20210404,0
deu,20210405,0
deu,20210406,0
deu,20210407,0
deu,20210408,0
deu,20210409,0
deu,20210410,0
deu,20210411,0
deu,20210412,0
deu,20210413,0
deu,20210414,0
deu,20210415,0
deu,20210416,0
deu,20210417,0
deu,20210418,0
deu,20210419,0
deu,20210420,0
deu,20210421,0
deu,20210422,0
deu,20210423,0
deu,20210424,0
deu,20210425,0
deu,20210426,0
deu,20210427,0
deu,20210428,0
deu,20210429,0
deu,20210430,0
deu,20210501,0
deu,20210502,0
deu,20210503,0
deu,20210504,0
deu,20210505,0
deu,20210506,0
deu,20210507,0
deu,20210508,0
deu,20210509,0
deu,20210510,0
deu,20210511,0
deu,20210512,0
deu,20210513,0
deu,20210514,0
deu,20210515,0
deu,20210516,0
deu,20210517,0
deu,20210518,0
deu,20210519,0
deu,20210520,0
deu,20210521,0
deu,20210522,0
deu,20210523,0
deu,20210524,0
deu,20210525,0
deu,20210526,0
deu,20210527,0
deu,20210528,0
deu,20210529,0
deu,20210530,0
deu,20210531,0
deu,20210601,0
deu,20210602,0
deu,20210603,0
deu,20210604,0
deu,20210605,0
deu,20210606,0
deu,20210607,0
deu,20210608,0
deu,20210609,0
deu,20210610,0
deu,20210611,0
deu,20210612,0
deu,20210613,0
deu,20210614,0
deu,20210615,0
deu,20210616,0
deu,20210617,0
deu,20210618,0
deu,20210619,0
deu,20210620,0
deu,20210621,0
deu,20210622,0
deu,20210623,0
deu,20210624,0
deu,20210625,0
deu,20210626,0
deu,20210627,0
deu,20210628,0
deu,20210629,0
deu,20210630,0
deu,20210701,0
deu,20210702,0
deu,20210703,0
deu,20210704,0
deu,20210705,0
deu,20210706,0
deu,20210707,0
deu,20210708,0
deu,20210709,0
deu,20210710,0
deu,20210711,0
deu,20210712,0
deu,20210713,0
deu,20210714,0
deu,20210715,0
deu,20210716,0
deu,20210717,0
deu,20210718,0
deu,20210719,0
deu,20210720,0
deu,20210721,0
deu,20210722,0
deu,20210723,0
deu,20210724,0
deu,20210725,0
deu,20210726,0
deu,20210727,0
deu,20210728,0
deu,20210729,0.25
deu,20210730,0.536
deu,20210731,0.787
deu,20210801,1.037
deu,20210802,1.287
deu,20210803,1.669
deu,20210804,2.002
deu,20210805,2.11
deu,20210806,2.062
deu,20210807,2.05
deu,20210808,2.122
deu,20210809,2.253
deu,20210810,2.336
deu,20210811,2.563
deu,20210812,2.729
deu,20210813,2.884
deu,20210814,3.087
deu,20210815,3.254
deu,20210816,3.516
deu,20210817,3.719
deu,20210818,3.874
deu,20210819,4.052
deu,20210820,4.291
deu,20210821,4.374
deu,20210822,4.756
deu,20210823,4.982
deu,20210824,5.173
deu,20210825,5.292
deu,20210826,5.745
deu,20210827,5.924
deu,20210828,6.102
deu,20210829,6.198
deu,20210830,6.472
deu,20210831,6.818
deu,20210901,7.199
deu,20210902,7.306
deu,20210903,7.568
deu,20210904,7.759
deu,20210905,8.057
deu,20210906,8.331
deu,20210907,8.534
deu,20210908,8.474
deu,20210909,8.343
deu,20210910,8.272
deu,20210911,8.355
deu,20210912,8.331
deu,20210913,8.45
deu,20210914,8.117
deu,20210915,8.284
deu,20210916,8.331
deu,20210917,8.129
deu,20210918,8.057
deu,20210919,7.652
deu,20210920,7.08
deu,20210921,7.008
deu,20210922,6.543
deu,20210923,6.389
deu,20210924,6.448
deu,20210925,6.281
deu,20210926,6.52
deu,20210927,6.603
deu,20210928,6.543
deu,20210929,6.686
deu,20210930,6.591
deu,20211001,6.496
deu,20211002,6.329
deu,20211003,6.174
deu,20211004,6.067
deu,20211005,6.15
deu,20211006,6.21
deu,20211007,6.424
deu,20211008,6.377
deu,20211009,6.46
deu,20211010,6.663
deu,20211011,6.961
deu,20211012,6.818
deu,20211013,6.973
deu,20211014,6.818
deu,20211015,7.068
deu,20211016,7.199
deu,20211017,7.306
deu,20211018,7.509
deu,20211019,8.117
deu,20211020,8.129
deu,20211021,8.594
deu,20211022,8.939
deu,20211023,9.201
deu,20211024,9.583
deu,20211025,9.857
deu,20211026,10.405
deu,20211027,10.918
deu,20211028,11.406
deu,20211029,11.788
deu,20211030,12.098
deu,20211031,12.384
deu,20211101,12.884
deu,20211102,13.301
deu,20211103,13.981
deu,20211104,14.374
deu,20211105,14.994
deu,20211106,15.661
deu,20211107,16.818
deu,20211108,17.545
deu,20211109,18.164
deu,20211110,18.736
deu,20211111,19.011
deu,20211112,19.905
deu,20211113,20.632
deu,20211114,20.763
deu,20211115,21.323
deu,20211116,21.919
deu,20211117,22.372
deu,20211118,23.409
deu,20211119,23.444
deu,20211120,23.385
deu,20211121,23.826
deu,20211122,24.541
deu,20211123,25.304
deu,20211124,26.269
deu,20211125,27.556
deu,20211126,27.95
deu,20211127,28.522
deu,20211128,28.915
deu,20211129,28.939
deu,20211130,28.45
deu,20211201,28.534
deu,20211202,27.402
deu,20211203,27.282
deu,20211204,26.663
deu,20211205,26.353
deu,20211206,26.174
deu,20211207,26.365
deu,20211208,26.114
deu,20211209,26.46
deu,20211210,26.198
deu,20211211,26.496
deu,20211212,26.412
deu,20211213,26.317
deu,20211214,26.293
deu,20211215,26.174
deu,20211216,25.697
deu,20211217,25.697
deu,20211218,25.018
deu,20211219,24.243
deu,20211220,23.79
deu,20211221,23.027
deu,20211222,18.903
esp,20200301,0.803
esp,20200308,3.19
esp,20200315,15.697
esp,20200322,45.867
esp,20200329,60.085
esp,20200405,34.395
esp,20200412,15.486
esp,20200419,8.789
esp,20200426,5.218
esp,20200503,3.275
esp,20200510,2.303
esp,20200517,1.035
esp,20200524,1.035
esp,20200531,0.761
esp,20200607,0.676
esp,20200614,0.507
esp,20200621,0.444
esp,20200628,0.592
esp,20200705,0.423
esp,20200712,0.549
esp,20200719,0.57
esp,20200726,0.951
esp,20200802,2.007
esp,20200809,2.979
esp,20200816,4.31
esp,20200823,6.423
esp,20200830,8.599
esp,20200906,9.697
esp,20200913,9.866
esp,20200920,11.578
esp,20200927,10.627
esp,20201004,10.458
esp,20201011,10.247
esp,20201018,12.866
esp,20201025,15.803
esp,20201101,19.247
esp,20201108,20.641
esp,20201115,20.451
esp,20201122,15.338
esp,20201129,13.479
esp,20201206,9.19
esp,20201213,9.507
esp,20201220,9.211
esp,20201227,10.902
esp,20210103,12.169
esp,20210110,18.592
esp,20210117,28.057
esp,20210124,35.895
esp,20210131,33.444
esp,20210207,26.388
esp,20210214,16.923
esp,20210221,12.233
esp,20210228,9.845
esp,20210307,9.127
esp,20210314,7.458
esp,20210321,8.282
esp,20210328,9.634
esp,20210404,11.134
esp,20210411,12.866
esp,20210418,14.24
esp,20210425,13.986
esp,20210502,11.535
esp,20210509,10.12
esp,20210516,6.909
esp,20210523,6.528
esp,20210530,5.028
esp,20210606,4.394
esp,20210613,3.063
esp,20210620,2.556
esp,20210627,2.345
esp,20210704,2.683
esp,20210711,4.331
esp,20210718,7.733
esp,20210725,11.873
esp,20210801,12.951
esp,20210808,12.613
esp,20210815,10.5
esp,20210822,8.578
esp,20210829,7.648
esp,20210905,5.578
esp,20210912,3.761
esp,20210919,2.768
esp,20210926,2.007
esp,20211003,1.437
esp,20211010,1.204
esp,20211017,1.965
esp,20211024,2.028
esp,20211031,1.965
esp,20211107,1.901
esp,20211114,2.514
esp,20211121,2.873
esp,20211128,3.676
esp,20211205,4.606
esp,20211212,3.169
est,20200329,39.128
est,20200426,6.02
est,20200503,6.02
est,20200510,3.762
est,20200517,3.762
est,20200524,0.752
est,20200531,0.752
est,20200607,0
est,20200614,0
est,20200628,0.752
est,20200705,0.752
est,20200712,1.505
est,20200719,0.752
est,20200726,0
est,20200802,0
est,20200809,0.752
est,20200816,0
est,20200823,0
est,20200830,0
est,20200906,0
est,20200913,0.752
est,20200920,2.257
est,20200927,2.257
est,20201004,3.01
est,20201011,3.01
est,20201018,1.505
est,20201025,3.01
est,20201101,2.257
est,20201108,3.01
est,20201115,6.02
est,20201122,6.02
est,20201129,9.03
est,20201206,11.287
est,20201213,14.297
est,20201220,15.049
est,20201227,21.821
est,20210103,24.831
est,20210110,23.326
est,20210117,21.821
est,20210124,24.079
est,20210131,19.564
est,20210207,15.802
est,20210214,16.554
est,20210221,21.069
est,20210228,21.069
est,20210307,30.098
est,20210314,39.128
est,20210321,42.89
est,20210328,38.375
est,20210411,39.88
est,20210418,30.098
est,20210425,30.851
est,20210502,31.603
est,20210509,23.326
est,20210516,21.821
est,20210523,15.049
est,20210530,6.02
est,20210606,5.267
est,20210613,3.762
est,20210620,2.257
est,20210627,3.01
est,20210704,3.01
est,20210711,1.505
est,20210718,0.752
est,20210725,1.505
est,20210801,1.505
est,20210808,0.752
est,20210815,4.515
est,20210822,8.277
est,20210829,7.525
est,20210905,8.277
est,20210912,7.525
est,20210919,9.782
est,20210926,10.534
est,20211003,9.782
est,20211010,15.049
est,20211017,12.792
est,20211024,24.831
est,20211031,27.841
est,20211114,25.584
est,20211121,20.316
est,20211128,18.059
est,20211205,14.297
est,20211212,12.792
fra,20200331,1914.296
fra,20200401,2052.432
fra,20200402,2188.791
fra,20200403,2306.871
fra,20200404,2390.258
fra,20200405,2445.45
fra,20200406,2479.788
fra,20200407,2478.648
fra,20200408,2444.103
fra,20200409,2385.833
fra,20200410,2312.258
fra,20200411,2235.028
fra,20200412,2165.361
fra,20200413,2078.777
fra,20200414,1985.636
fra,20200415,1898.682
fra,20200416,1810.972
fra,20200417,1715.434
fra,20200418,1624.321
fra,20200419,1524.993
fra,20200420,1450.886
fra,20200421,1395.013
fra,20200422,1338.074
fra,20200423,1284.57
fra,20200424,1233.655
fra,20200425,1181.453
fra,20200426,1135.009
fra,20200427,1078.1
fra,20200428,1014.027
fra,20200429,953.611
fra,20200430,897.812
fra,20200501,844.115
fra,20200502,790.714
fra,20200503,741.354
fra,20200504,695.323
fra,20200505,652.697
fra,20200506,614.689
fra,20200507,577.302
fra,20200508,547.612
fra,20200509,523.22
fra,20200510,499.48
fra,20200511,477.353
fra,20200512,455.478
fra,20200513,432.818
fra,20200514,412.141
fra,20200515,392.737
fra,20200516,377.374
fra,20200517,361.878
fra,20200518,346.648
fra,20200519,333.682
fra,20200520,323.366
fra,20200521,311.792
fra,20200522,298.693
fra,20200523,282.605
fra,20200524,267.553
fra,20200525,254.202
fra,20200526,240.497
fra,20200527,226.051
fra,20200528,215.351
fra,20200529,207.121
fra,20200530,200.535
fra,20200531,193.682
fra,20200601,183.573
fra,20200602,174.93
fra,20200603,168.358
fra,20200604,161.195
fra,20200605,153.528
fra,20200606,144.707
fra,20200607,136.093
fra,20200608,132.052
fra,20200609,128.441
fra,20200610,123.364
fra,20200611,118.376
fra,20200612,112.87
fra,20200613,107.498
fra,20200614,102.584
fra,20200615,96.382
fra,20200616,90.684
fra,20200617,86.555
fra,20200618,83.091
fra,20200619,80.472
fra,20200620,79.287
fra,20200621,78.385
fra,20200622,78.355
fra,20200623,78.325
fra,20200624,78.222
fra,20200625,78.044
fra,20200626,77.733
fra,20200627,76.579
fra,20200628,75.143
fra,20200629,72.701
fra,20200630,71.162
fra,20200701,70.037
fra,20200702,68.631
fra,20200703,68.217
fra,20200704,68.202
fra,20200705,67.906
fra,20200706,68.143
fra,20200707,67.491
fra,20200708,66.366
fra,20200709,65.493
fra,20200710,64.22
fra,20200711,63.214
fra,20200712,62.622
fra,20200713,61.645
fra,20200714,60.061
fra,20200715,59.558
fra,20200716,59.854
fra,20200717,59.736
fra,20200718,59.632
fra,20200719,59.603
fra,20200720,61.038
fra,20200721,64.161
fra,20200722,66.529
fra,20200723,68.365
fra,20200724,70.555
fra,20200725,72.849
fra,20200726,74.995
fra,20200727,75.839
fra,20200728,76.905
fra,20200729,77.778
fra,20200730,78.488
fra,20200731,79.48
fra,20200801,80.072
fra,20200802,80.501
fra,20200803,81.567
fra,20200804,81.212
fra,20200805,81.345
fra,20200806,81.952
fra,20200807,81.937
fra,20200808,81.996
fra,20200809,82.055
fra,20200810,82.322
fra,20200811,83.846
fra,20200812,85.178
fra,20200813,87.028
fra,20200814,89.663
fra,20200815,92.564
fra,20200816,95.909
fra,20200817,99.49
fra,20200818,102.214
fra,20200819,105.13
fra,20200820,106.388
fra,20200821,107.646
fra,20200822,109.096
fra,20200823,110.206
fra,20200824,110.502
fra,20200825,112.071
fra,20200826,114.143
fra,20200827,118.11
fra,20200828,121.988
fra,20200829,125.777
fra,20200830,129.536
fra,20200831,133.621
fra,20200901,137.04
fra,20200902,141.184
fra,20200903,145.417
fra,20200904,149.946
fra,20200905,154.653
fra,20200906,160.085
fra,20200907,168.077
fra,20200908,178.364
fra,20200909,188.162
fra,20200910,197.412
fra,20200911,208.202
fra,20200912,219.613
fra,20200913,230.862
fra,20200914,240.675
fra,20200915,249.925
fra,20200916,262.047
fra,20200917,277.158
fra,20200918,295.941
fra,20200919,316.972
fra,20200920,338.137
fra,20200921,360.96
fra,20200922,383.62
fra,20200923,402.387
fra,20200924,417.706
fra,20200925,424.263
fra,20200926,427.948
fra,20200927,432.536
fra,20200928,432.033
fra,20200929,428.185
fra,20200930,424.352
fra,20201001,420.503
fra,20201002,420.341
fra,20201003,420.119
fra,20201004,421.007
fra,20201005,425.24
fra,20201006,432.67
fra,20201007,442.142
fra,20201008,452.68
fra,20201009,464.21
fra,20201010,477.708
fra,20201011,489.845
fra,20201012,504.572
fra,20201013,522.377
fra,20201014,543.216
fra,20201015,570.139
fra,20201016,600.761
fra,20201017,633.308
fra,20201018,669.511
fra,20201019,708.407
fra,20201020,753.757
fra,20201021,803.206
fra,20201022,857.021
fra,20201023,918.074
fra,20201024,984.885
fra,20201025,1053.634
fra,20201026,1128.925
fra,20201027,1208.213
fra,20201028,1294.102
fra,20201029,1377.296
fra,20201030,1454.66
fra,20201031,1530.928
fra,20201101,1609.002
fra,20201102,1677.352
fra,20201103,1735.015
fra,20201104,1789.615
fra,20201105,1840.855
fra,20201106,1893.649
fra,20201107,1940.183
fra,20201108,1977.037
fra,20201109,2012.262
fra,20201110,2040.591
fra,20201111,2040.014
fra,20201112,2024.636
fra,20201113,1996.292
fra,20201114,1961.437
fra,20201115,1924.05
fra,20201116,1875.888
fra,20201117,1820.149
fra,20201118,1778.322
fra,20201119,1743.422
fra,20201120,1700.026
fra,20201121,1650.251
fra,20201122,1594.142
fra,20201123,1536.848
fra,20201124,1478.489
fra,20201125,1411.175
fra,20201126,1334.818
fra,20201127,1264.026
fra,20201128,1195.425
fra,20201129,1132.951
fra,20201130,1078.795
fra,20201201,1032.232
fra,20201202,990.613
fra,20201203,960.108
fra,20201204,935.909
fra,20201205,920.324
fra,20201206,908.128
fra,20201207,896.998
fra,20201208,889.405
fra,20201209,889.968
fra,20201210,890.604
fra,20201211,891.403
fra,20201212,892.721
fra,20201213,895.03
fra,20201214,899.84
fra,20201215,903.762
fra,20201216,910.008
fra,20201217,915.129
fra,20201218,920.324
fra,20201219,922.988
fra,20201220,923.995
fra,20201221,922.662
fra,20201222,925.119
fra,20201223,919.85
fra,20201224,917.112
fra,20201225,907.166
fra,20201226,891.329
fra,20201227,876.381
fra,20201228,861.032
fra,20201229,840.104
fra,20201230,822.373
fra,20201231,801.282
fra,20210101,787.236
fra,20210102,782.426
fra,20210103,778.77
fra,20210104,776.772
fra,20210105,778.859
fra,20210106,781.774
fra,20210107,788.553
fra,20210108,807.676
fra,20210109,829.24
fra,20210110,850.864
fra,20210111,872.222
fra,20210112,890.515
fra,20210113,910.526
fra,20210114,932.401
fra,20210115,945.707
fra,20210116,958.377
fra,20210117,969.522
fra,20210118,985.847
fra,20210119,1008.418
fra,20210120,1033.55
fra,20210121,1055.987
fra,20210122,1078.988
fra,20210123,1097.844
fra,20210124,1120.415
fra,20210125,1138.99
fra,20210126,1152.769
fra,20210127,1162.094
fra,20210128,1169.923
fra,20210129,1173.831
fra,20210130,1178.138
fra,20210131,1177.679
fra,20210201,1175.296
fra,20210202,1175.459
fra,20210203,1174.541
fra,20210204,1174.497
fra,20210205,1173.476
fra,20210206,1171.685
fra,20210207,1171.019
fra,20210208,1172.81
fra,20210209,1168.073
fra,20210210,1158.808
fra,20210211,1147.175
fra,20210212,1132.433
fra,20210213,1117.825
fra,20210214,1101.544
fra,20210215,1076.309
fra,20210216,1053.797
fra,20210217,1037.072
fra,20210218,1020.436
fra,20210219,1010.49
fra,20210220,1000.322
fra,20210221,991.353
fra,20210222,990.672
fra,20210223,989.947
fra,20210224,989.858
fra,20210225,991.131
fra,20210226,991.708
fra,20210227,992.788
fra,20210228,996.725
fra,20210301,997.199
fra,20210302,997.702
fra,20210303,996.859
fra,20210304,997.791
fra,20210305,993.869
fra,20210306,991.604
fra,20210307,987.223
fra,20210308,987.682
fra,20210309,990.805
fra,20210310,993.425
fra,20210311,995.852
fra,20210312,1002.542
fra,20210313,1007.752
fra,20210314,1014.575
fra,20210315,1019.933
fra,20210316,1026.623
fra,20210317,1036.554
fra,20210318,1046.204
fra,20210319,1058.814
fra,20210320,1075.436
fra,20210321,1092.116
fra,20210322,1110.78
fra,20210323,1130.716
fra,20210324,1153.82
fra,20210325,1179.1
fra,20210326,1205.83
fra,20210327,1231.938
fra,20210328,1257.84
fra,20210329,1283.312
fra,20210330,1308.961
fra,20210331,1330.082
fra,20210401,1350.848
fra,20210402,1367.099
fra,20210403,1382.521
fra,20210404,1399.66
fra,20210405,1400.859
fra,20210406,1395.945
fra,20210407,1403.508
fra,20210408,1410.272
fra,20210409,1416.8
fra,20210410,1419.715
fra,20210411,1420.766
fra,20210412,1448.947
fra,20210413,1479.525
fra,20210414,1480.783
fra,20210415,1478.859
fra,20210416,1475.396
fra,20210417,1470.497
fra,20210418,1461.527
fra,20210419,1436.884
fra,20210420,1410.184
fra,20210421,1399.497
fra,20210422,1387.479
fra,20210423,1374.928
fra,20210424,1363.487
fra,20210425,1351.514
fra,20210426,1339.303
fra,20210427,1324.162
fra,20210428,1302.952
fra,20210429,1281.995
fra,20210430,1255.309
fra,20210501,1228.342
fra,20210502,1203.551
fra,20210503,1173.92
fra,20210504,1140.988
fra,20210505,1110.099
fra,20210506,1073.393
fra,20210507,1039.736
fra,20210508,1001.935
fra,20210509,961.352
fra,20210510,921.937
fra,20210511,884.98
fra,20210512,844.396
fra,20210513,804.212
fra,20210514,762.341
fra,20210515,722.512
fra,20210516,685.052
fra,20210517,649.308
fra,20210518,615.177
fra,20210519,584.614
fra,20210520,563.286
fra,20210521,546.384
fra,20210522,531.731
fra,20210523,517.359
fra,20210524,497.704
fra,20210525,478.685
fra,20210526,462.804
fra,20210527,442.468
fra,20210528,422.457
fra,20210529,402.121
fra,20210530,381.296
fra,20210531,373.496
fra,20210601,365.696
fra,20210602,355.839
fra,20210603,348.483
fra,20210604,340.461
fra,20210605,333.431
fra,20210606,327.584
fra,20210607,315.596
fra,20210608,303.741
fra,20210609,293.069
fra,20210610,280.622
fra,20210611,268.707
fra,20210612,256.763
fra,20210613,244.848
fra,20210614,234.236
fra,20210615,224.897
fra,20210616,214.181
fra,20210617,204.783
fra,20210618,194.689
fra,20210619,184.195
fra,20210620,173.45
fra,20210621,161.95
fra,20210622,150.242
fra,20210623,140.933
fra,20210624,131.43
fra,20210625,123.69
fra,20210626,117.059
fra,20210627,111.183
fra,20210628,106.328
fra,20210629,102.539
fra,20210630,99.076
fra,20210701,96.412
fra,20210702,93.644
fra,20210703,91.158
fra,20210704,88.79
fra,20210705,86.436
fra,20210706,85.001
fra,20210707,83.432
fra,20210708,82.188
fra,20210709,81.818
fra,20210710,81.804
fra,20210711,81.537
fra,20210712,83.772
fra,20210713,87.221
fra,20210714,90.566
fra,20210715,95.716
fra,20210716,101.518
fra,20210717,107.187
fra,20210718,113.581
fra,20210719,119.427
fra,20210720,125.037
fra,20210721,133.473
fra,20210722,141.406
fra,20210723,149.887
fra,20210724,159.182
fra,20210725,168.58
fra,20210726,180.258
fra,20210727,194.141
fra,20210728,208.661
fra,20210729,225.104
fra,20210730,244.508
fra,20210731,267.124
fra,20210801,292.433
fra,20210802,315.285
fra,20210803,338.596
fra,20210804,362.988
fra,20210805,387.409
fra,20210806,410.528
fra,20210807,429.65
fra,20210808,448.27
fra,20210809,467.836
fra,20210810,485.405
fra,20210811,498.814
fra,20210812,511.794
fra,20210813,521.104
fra,20210814,532.027
fra,20210815,538.732
fra,20210816,545.022
fra,20210817,551.386
fra,20210818,561.628
fra,20210819,570.39
fra,20210820,580.292
fra,20210821,591.304
fra,20210822,605.897
fra,20210823,618.656
fra,20210824,630.511
fra,20210825,636.209
fra,20210826,637.216
fra,20210827,637.778
fra,20210828,630.363
fra,20210829,617.412
fra,20210830,601.339
fra,20210831,581.21
fra,20210901,561.258
fra,20210902,543.409
fra,20210903,521.045
fra,20210904,503.106
fra,20210905,487.344
fra,20210906,473.86
fra,20210907,460.732
fra,20210908,447.515
fra,20210909,434.283
fra,20210910,423.493
fra,20210911,411.801
fra,20210912,400.759
fra,20210913,387.483
fra,20210914,374.148
fra,20210915,360.871
fra,20210916,346.441
fra,20210917,331.788
fra,20210918,317.476
fra,20210919,302.66
fra,20210920,289.946
fra,20210921,278.86
fra,20210922,268.544
fra,20210923,259.575
fra,20210924,251.479
fra,20210925,243.857
fra,20210926,236.974
fra,20210927,230.729
fra,20210928,222.633
fra,20210929,214.3
fra,20210930,206.233
fra,20211001,198.063
fra,20211002,189.775
fra,20211003,181.649
fra,20211004,173.08
fra,20211005,167.248
fra,20211006,162.231
fra,20211007,157.495
fra,20211008,154.031
fra,20211009,151.189
fra,20211010,148.762
fra,20211011,146.379
fra,20211012,143.671
fra,20211013,141.983
fra,20211014,141.125
fra,20211015,140.163
fra,20211016,139.112
fra,20211017,137.543
fra,20211018,137.573
fra,20211019,138.609
fra,20211020,140.044
fra,20211021,142.294
fra,20211022,144.411
fra,20211023,147.918
fra,20211024,151.604
fra,20211025,154.416
fra,20211026,157.199
fra,20211027,159.626
fra,20211028,161.032
fra,20211029,163.8
fra,20211030,165.339
fra,20211031,167.618
fra,20211101,167.559
fra,20211102,168.536
fra,20211103,171.644
fra,20211104,175.714
fra,20211105,179.355
fra,20211106,183.322
fra,20211107,186.593
fra,20211108,197.945
fra,20211109,207.713
fra,20211110,214.315
fra,20211111,218.178
fra,20211112,221.7
fra,20211113,225.667
fra,20211114,230.077
fra,20211115,231.054
fra,20211116,235.657
fra,20211117,242.895
fra,20211118,256.526
fra,20211119,272.718
fra,20211120,288.777
fra,20211121,304.954
fra,20211122,322.404
fra,20211123,337.989
fra,20211124,355.306
fra,20211125,371.824
fra,20211126,388.045
fra,20211127,405.51
fra,20211128,423.464
fra,20211129,440.588
fra,20211130,462.389
fra,20211201,483.851
fra,20211202,504.068
fra,20211203,527.661
fra,20211204,554.021
fra,20211205,581.55
fra,20211206,612.084
fra,20211207,643.358
fra,20211208,675.727
fra,20211209,709.991
fra,20211210,740.273
fra,20211211,767.403
fra,20211212,793.911
fra,20211213,815.979
fra,20211214,830.928
fra,20211215,843.937
fra,20211216,853.869
fra,20211217,864.037
fra,20211218,873.258
fra,20211219,881.146
fra,20211220,887.259
fra,20211221,893.401
fra,20211222,896.376
grc,20200106,0
grc,20200118,0
grc,20200212,0
grc,20200301,0
grc,20200308,0.187
grc,20200315,1.213
grc,20200322,4.012
grc,20200329,5.131
grc,20200405,3.732
grc,20200412,1.866
grc,20200419,1.586
grc,20200426,0.933
grc,20200503,0.373
grc,20200510,0.373
grc,20200517,0.466
grc,20200524,0.373
grc,20200531,0.187
grc,20200607,0.28
grc,20200614,0.746
grc,20200621,0.187
grc,20200628,0.28
grc,20200705,0.28
grc,20200712,0.373
grc,20200719,0.187
grc,20200726,0.653
grc,20200802,1.026
grc,20200809,1.493
grc,20200816,1.12
grc,20200823,1.773
grc,20200830,1.679
grc,20200906,2.053
grc,20200913,3.359
grc,20200920,4.198
grc,20200927,2.706
grc,20201004,4.478
grc,20201011,3.732
grc,20201018,3.172
grc,20201025,5.318
grc,20201101,9.236
grc,20201108,14.647
grc,20201115,26.869
grc,20201122,33.307
grc,20201129,29.202
grc,20201206,26.123
grc,20201213,22.764
grc,20201220,18.379
grc,20201227,16.047
grc,20210103,11.755
grc,20210110,9.983
grc,20210117,9.796
grc,20210124,8.303
grc,20210131,6.251
grc,20210207,10.356
grc,20210214,14.554
grc,20210221,13.341
grc,20210228,18.659
grc,20210307,20.525
grc,20210314,28.735
grc,20210321,31.907
grc,20210328,31.534
grc,20210404,31.907
grc,20210411,32.654
grc,20210418,36.572
grc,20210425,30.974
grc,20210502,30.974
grc,20210509,21.645
grc,20210516,19.965
grc,20210523,14.834
grc,20210530,12.968
grc,20210606,9.703
grc,20210613,6.064
grc,20210620,5.038
grc,20210627,3.079
grc,20210704,1.679
grc,20210711,1.213
grc,20210718,2.706
grc,20210725,5.131
grc,20210801,9.05
grc,20210808,9.05
grc,20210815,10.916
grc,20210822,15.114
grc,20210829,13.621
grc,20210905,16.7
grc,20210912,12.595
grc,20210919,11.942
grc,20210926,11.942
grc,20211003,12.315
grc,20211010,13.621
grc,20211017,14.088
grc,20211024,14.181
grc,20211031,19.685
grc,20211107,21.365
grc,20211114,24.817
grc,20211121,30.788
grc,20211128,32.747
grc,20211205,34.613
grc,20211212,29.948
irl,20200412,9.467
irl,20200419,11.885
irl,20200426,9.064
irl,20200517,3.827
irl,20200524,2.014
irl,20200531,3.021
irl,20200607,0.604
irl,20200621,2.82
irl,20200628,0.806
irl,20200705,1.209
irl,20200712,0.201
irl,20200719,0.403
irl,20200726,0.604
irl,20200802,0.201
irl,20200809,0.201
irl,20200816,0
irl,20200823,0.403
irl,20200830,0.403
irl,20200906,0.201
irl,20200913,0
irl,20200920,1.209
irl,20200927,0.806
irl,20201004,1.813
irl,20201011,0.806
irl,20201018,1.813
irl,20201025,2.417
irl,20201101,2.014
irl,20201108,3.827
irl,20201115,3.223
irl,20201122,2.014
irl,20201129,1.007
irl,20201206,2.014
irl,20201213,2.216
irl,20201220,3.626
irl,20201227,3.223
irl,20210103,3.021
irl,20210110,5.842
irl,20210117,11.885
irl,20210124,13.295
irl,20210131,13.496
irl,20210207,10.877
irl,20210214,9.467
irl,20210221,7.654
irl,20210228,6.446
irl,20210307,6.849
irl,20210314,5.64
irl,20210321,4.834
irl,20210328,4.23
irl,20210404,5.237
irl,20210411,3.021
irl,20210418,3.626
irl,20210425,3.223
irl,20210502,2.82
irl,20210509,1.813
irl,20210516,0.806
irl,20210523,1.41
irl,20210530,3.021
irl,20210606,2.82
irl,20210613,1.611
irl,20210620,1.611
irl,20210627,0.604
irl,20210704,0.806
irl,20210711,0.403
irl,20210718,0.806
irl,20210725,2.216
irl,20210801,2.216
irl,20210808,1.813
irl,20210815,2.82
irl,20210822,3.223
irl,20210829,5.842
irl,20210905,5.237
irl,20210912,5.439
irl,20210919,3.626
irl,20210926,4.432
irl,20211003,4.834
irl,20211010,4.23
irl,20211017,5.439
irl,20211024,2.619
irl,20211031,7.856
irl,20211107,6.849
irl,20211114,4.029
irl,20211121,6.446
irl,20211128,8.46
irl,20211205,6.647
irl,20211212,7.453
isl,20210228,0
isl,20210307,0
isl,20210314,0
isl,20210321,0
isl,20210328,0
isl,20210404,0
isl,20210411,0
isl,20210418,2.746
isl,20210425,0
isl,20210502,0
isl,20210509,5.492
isl,20210516,0
isl,20210523,0
isl,20210530,0
isl,20210606,0
isl,20210613,0
isl,20210620,0
isl,20210627,0
isl,20210704,0
isl,20210711,0
isl,20210718,0
isl,20210725,0
isl,20210801,2.746
isl,20210808,2.746
isl,20210815,13.731
isl,20210822,5.492
isl,20210829,0
isl,20210905,0
isl,20210912,0
isl,20210919,0
isl,20210926,8.239
isl,20211003,2.746
isl,20211010,0
isl,20211024,0
isl,20211031,8.239
isl,20211107,10.985
isl,20211114,5.492
isl,20211121,5.492
isr,20200314,59.735
isr,20200315,77.494
isr,20200316,94.715
isr,20200317,112.69
isr,20200318,131.418
isr,20200319,148.638
isr,20200320,164.46
isr,20200321,175.654
isr,20200322,184.695
isr,20200323,196.534
isr,20200324,209.45
isr,20200325,222.15
isr,20200326,239.587
isr,20200327,264.88
isr,20200328,292.756
isr,20200329,320.848
isr,20200330,352.169
isr,20200331,382.628
isr,20200401,417.393
isr,20200402,450.328
isr,20200403,473.361
isr,20200404,496.502
isr,20200405,521.257
isr,20200406,536.003
isr,20200407,543.86
isr,20200408,534.819
isr,20200409,516.629
isr,20200410,495.103
isr,20200411,468.195
isr,20200412,437.09
isr,20200413,408.89
isr,20200414,384.243
isr,20200415,370.466
isr,20200416,360.779
isr,20200417,354.967
isr,20200418,352.599
isr,20200419,345.819
isr,20200420,334.733
isr,20200421,319.341
isr,20200422,299.214
isr,20200423,278.442
isr,20200424,256.054
isr,20200425,230.008
isr,20200426,208.481
isr,20200427,188.462
isr,20200428,173.178
isr,20200429,159.94
isr,20200430,147.347
isr,20200501,136.476
isr,20200502,129.803
isr,20200503,122.054
isr,20200504,116.995
isr,20200505,109.784
isr,20200506,103.326
isr,20200507,97.621
isr,20200508,91.809
isr,20200509,84.921
isr,20200510,79.97
isr,20200511,74.373
isr,20200512,70.929
isr,20200513,67.7
isr,20200514,64.363
isr,20200515,60.489
isr,20200516,56.399
isr,20200517,51.878
isr,20200518,47.681
isr,20200519,43.052
isr,20200520,38.317
isr,20200521,34.55
isr,20200522,32.505
isr,20200523,30.998
isr,20200524,28.845
isr,20200525,27.876
isr,20200526,26.8
isr,20200527,26.585
isr,20200528,26.047
isr,20200529,25.078
isr,20200530,24.432
isr,20200531,25.401
isr,20200601,26.262
isr,20200602,28.63
isr,20200603,30.998
isr,20200604,33.904
isr,20200605,37.133
isr,20200606,40.577
isr,20200607,44.236
isr,20200608,47.896
isr,20200609,50.156
isr,20200610,54.031
isr,20200611,57.69
isr,20200612,61.565
isr,20200613,65.224
isr,20200614,68.453
isr,20200615,72.005
isr,20200616,77.064
isr,20200617,80.077
isr,20200618,85.459
isr,20200619,92.025
isr,20200620,100.635
isr,20200621,111.398
isr,20200622,121.408
isr,20200623,130.234
isr,20200624,140.459
isr,20200625,146.916
isr,20200626,153.482
isr,20200627,157.141
isr,20200628,159.294
isr,20200629,163.922
isr,20200630,171.887
isr,20200701,183.834
isr,20200702,201.055
isr,20200703,217.522
isr,20200704,238.403
isr,20200705,261.974
isr,20200706,286.837
isr,20200707,313.96
isr,20200708,336.885
isr,20200709,361.748
isr,20200710,388.871
isr,20200711,415.456
isr,20200712,443.009
isr,20200713,470.993
isr,20200714,493.811
isr,20200715,517.598
isr,20200716,537.079
isr,20200717,558.82
isr,20200718,578.302
isr,20200719,596.599
isr,20200720,613.389
isr,20200721,631.902
isr,20200722,651.383
isr,20200723,668.174
isr,20200724,675.6
isr,20200725,680.982
isr,20200726,679.582
isr,20200727,674.954
isr,20200728,667.851
isr,20200729,656.442
isr,20200730,642.45
isr,20200731,633.732
isr,20200801,627.919
isr,20200802,627.058
isr,20200803,623.507
isr,20200804,618.771
isr,20200805,617.372
isr,20200806,621.354
isr,20200807,624.045
isr,20200808,624.045
isr,20200809,623.076
isr,20200810,624.691
isr,20200811,627.058
isr,20200812,624.152
isr,20200813,622.968
isr,20200814,621.246
isr,20200815,622.538
isr,20200816,622.107
isr,20200817,622.538
isr,20200818,627.812
isr,20200819,636.638
isr,20200820,638.79
isr,20200821,642.557
isr,20200822,641.912
isr,20200823,641.912
isr,20200824,644.172
isr,20200825,639.651
isr,20200826,640.62
isr,20200827,647.078
isr,20200828,649.769
isr,20200829,654.827
isr,20200830,664.406
isr,20200831,674.416
isr,20200901,688.085
isr,20200902,691.852
isr,20200903,693.897
isr,20200904,701.001
isr,20200905,710.473
isr,20200906,716.715
isr,20200907,721.236
isr,20200908,729.308
isr,20200909,747.175
isr,20200910,768.055
isr,20200911,788.72
isr,20200912,809.708
isr,20200913,833.064
isr,20200914,860.295
isr,20200915,886.234
isr,20200916,909.913
isr,20200917,934.56
isr,20200918,961.899
isr,20200919,987.622
isr,20200920,1011.409
isr,20200921,1031.213
isr,20200922,1052.847
isr,20200923,1074.911
isr,20200924,1096.653
isr,20200925,1117.318
isr,20200926,1142.934
isr,20200927,1173.716
isr,20200928,1198.795
isr,20200929,1222.796
isr,20200930,1245.614
isr,20201001,1264.557
isr,20201002,1278.226
isr,20201003,1282.747
isr,20201004,1278.872
isr,20201005,1283.823
isr,20201006,1277.903
isr,20201007,1264.019
isr,20201008,1241.201
isr,20201009,1215.477
isr,20201010,1188.677
isr,20201011,1162.308
isr,20201012,1128.404
isr,20201013,1092.347
isr,20201014,1054.569
isr,20201015,1021.096
isr,20201016,983.21
isr,20201017,941.018
isr,20201018,888.064
isr,20201019,831.773
isr,20201020,781.724
isr,20201021,732.644
isr,20201022,680.443
isr,20201023,634.377
isr,20201024,598.213
isr,20201025,568.722
isr,20201026,540.415
isr,20201027,511.463
isr,20201028,485.524
isr,20201029,464.428
isr,20201030,442.686
isr,20201031,415.994
isr,20201101,392.961
isr,20201102,373.372
isr,20201103,355.721
isr,20201104,340.545
isr,20201105,328.49
isr,20201106,319.987
isr,20201107,312.668
isr,20201108,306.856
isr,20201109,302.981
isr,20201110,298.999
isr,20201111,295.124
isr,20201112,290.066
isr,20201113,283.177
isr,20201114,281.025
isr,20201115,280.379
isr,20201116,280.809
isr,20201117,283.715
isr,20201118,287.698
isr,20201119,294.694
isr,20201120,304.273
isr,20201121,310.408
isr,20201122,313.637
isr,20201123,315.682
isr,20201124,316.005
isr,20201125,317.834
isr,20201126,316.005
isr,20201127,311.054
isr,20201128,307.179
isr,20201129,308.471
isr,20201130,313.637
isr,20201201,324.615
isr,20201202,333.979
isr,20201203,347.002
isr,20201204,368.959
isr,20201205,393.822
isr,20201206,415.241
isr,20201207,432.139
isr,20201208,444.409
isr,20201209,458.508
isr,20201210,472.177
isr,20201211,479.281
isr,20201212,484.555
isr,20201213,494.888
isr,20201214,512.108
isr,20201215,532.881
isr,20201216,553.116
isr,20201217,574.965
isr,20201218,598.751
isr,20201219,626.09
isr,20201220,650.953
isr,20201221,669.465
isr,20201222,688.623
isr,20201223,710.365
isr,20201224,729.523
isr,20201225,753.525
isr,20201226,775.266
isr,20201227,799.268
isr,20201228,827.898
isr,20201229,854.806
isr,20201230,880.099
isr,20201231,912.065
isr,20210101,939.404
isr,20210102,965.773
isr,20210103,996.233
isr,20210104,1031.105
isr,20210105,1072.113
isr,20210106,1120.116
isr,20210107,1164.891
isr,20210108,1211.818
isr,20210109,1263.481
isr,20210110,1311.161
isr,20210111,1353.03
isr,20210112,1385.319
isr,20210113,1409.106
isr,20210114,1429.125
isr,20210115,1446.776
isr,20210116,1458.293
isr,20210117,1467.334
isr,20210118,1472.177
isr,20210119,1478.42
isr,20210120,1480.465
isr,20210121,1481.003
isr,20210122,1475.729
isr,20210123,1469.702
isr,20210124,1455.279
isr,20210125,1439.242
isr,20210126,1420.084
isr,20210127,1401.249
isr,20210128,1379.507
isr,20210129,1355.936
isr,20210130,1326.983
isr,20210131,1301.475
isr,20210201,1280.379
isr,20210202,1260.252
isr,20210203,1244.538
isr,20210204,1231.514
isr,20210205,1224.195
isr,20210206,1226.456
isr,20210207,1229.685
isr,20210208,1228.608
isr,20210209,1222.366
isr,20210210,1212.248
isr,20210211,1200.086
isr,20210212,1183.726
isr,20210213,1159.509
isr,20210214,1132.601
isr,20210215,1104.725
isr,20210216,1083.522
isr,20210217,1058.874
isr,20210218,1031.859
isr,20210219,1005.382
isr,20210220,980.304
isr,20210221,955.871
isr,20210222,931.977
isr,20210223,907.653
isr,20210224,887.848
isr,20210225,875.04
isr,20210226,866.645
isr,20210227,863.309
isr,20210228,863.416
isr,20210301,866.753
isr,20210302,868.044
isr,20210303,866.538
isr,20210304,864.385
isr,20210305,858.896
isr,20210306,848.671
isr,20210307,837.477
isr,20210308,823.593
isr,20210309,808.309
isr,20210310,796.577
isr,20210311,777.742
isr,20210312,757.507
isr,20210313,738.457
isr,20210314,716.5
isr,20210315,692.283
isr,20210316,667.528
isr,20210317,639.221
isr,20210318,615.004
isr,20210319,591.002
isr,20210320,564.632
isr,20210321,538.048
isr,20210322,512.108
isr,20210323,487.353
isr,20210324,464.213
isr,20210325,440.534
isr,20210326,416.209
isr,20210327,390.485
isr,20210328,364.331
isr,20210329,342.374
isr,20210330,321.494
isr,20210331,298.891
isr,20210401,274.567
isr,20210402,254.332
isr,20210403,238.295
isr,20210404,226.133
isr,20210405,211.064
isr,20210406,196.965
isr,20210407,186.525
isr,20210408,180.282
isr,20210409,172.963
isr,20210410,166.936
isr,20210411,160.586
isr,20210412,157.249
isr,20210413,153.482
isr,20210414,148.1
isr,20210415,141.535
isr,20210416,135.185
isr,20210417,127.65
isr,20210418,121.623
isr,20210419,113.228
isr,20210420,106.985
isr,20210421,102.357
isr,20210422,98.267
isr,20210423,93.639
isr,20210424,88.903
isr,20210425,82.876
isr,20210426,79.109
isr,20210427,73.189
isr,20210428,67.377
isr,20210429,62.103
isr,20210430,58.121
isr,20210501,55.322
isr,20210502,52.739
isr,20210503,50.156
isr,20210504,49.403
isr,20210505,48.864
isr,20210506,47.896
isr,20210507,47.788
isr,20210508,46.82
isr,20210509,46.389
isr,20210510,45.42
isr,20210511,43.698
isr,20210512,41.653
isr,20210513,40.685
isr,20210514,37.886
isr,20210515,35.841
isr,20210516,33.581
isr,20210517,31.966
isr,20210518,30.567
isr,20210519,30.029
isr,20210520,29.168
isr,20210521,29.491
isr,20210522,29.276
isr,20210523,29.814
isr,20210524,30.352
isr,20210525,31.536
isr,20210526,31.644
isr,20210527,31.213
isr,20210528,30.137
isr,20210529,29.491
isr,20210530,28.415
isr,20210531,27.338
isr,20210601,25.509
isr,20210602,24.217
isr,20210603,23.033
isr,20210604,22.28
isr,20210605,21.849
isr,20210606,21.419
isr,20210607,20.773
isr,20210608,20.019
isr,20210609,19.374
isr,20210610,19.481
isr,20210611,19.374
isr,20210612,18.728
isr,20210613,18.405
isr,20210614,18.082
isr,20210615,17.974
isr,20210616,17.651
isr,20210617,16.575
isr,20210618,15.822
isr,20210619,15.499
isr,20210620,14.853
isr,20210621,14.638
isr,20210622,15.176
isr,20210623,16.145
isr,20210624,17.544
isr,20210625,18.943
isr,20210626,20.342
isr,20210627,22.28
isr,20210628,24.97
isr,20210629,27.661
isr,20210630,30.029
isr,20210701,32.505
isr,20210702,35.411
isr,20210703,38.532
isr,20210704,41.761
isr,20210705,44.559
isr,20210706,47.573
isr,20210707,51.125
isr,20210708,55.215
isr,20210709,59.089
isr,20210710,62.426
isr,20210711,65.87
isr,20210712,69.853
isr,20210713,73.512
isr,20210714,77.925
isr,20210715,83.522
isr,20210716,90.195
isr,20210717,97.729
isr,20210718,106.232
isr,20210719,114.519
isr,20210720,125.605
isr,20210721,136.476
isr,20210722,147.67
isr,20210723,159.294
isr,20210724,171.241
isr,20210725,184.157
isr,20210726,200.732
isr,20210727,215.154
isr,20210728,231.622
isr,20210729,248.735
isr,20210730,266.494
isr,20210731,288.128
isr,20210801,311.377
isr,20210802,332.472
isr,20210803,357.873
isr,20210804,383.167
isr,20210805,410.935
isr,20210806,445.27
isr,20210807,479.604
isr,20210808,515.445
isr,20210809,553.977
isr,20210810,591.971
isr,20210811,634.916
isr,20210812,677.968
isr,20210813,714.24
isr,20210814,751.803
isr,20210815,788.613
isr,20210816,826.499
isr,20210817,865.031
isr,20210818,898.504
isr,20210819,927.564
isr,20210820,960.499
isr,20210821,987.515
isr,20210822,1013.131
isr,20210823,1033.904
isr,20210824,1047.896
isr,20210825,1061.35
isr,20210826,1076.31
isr,20210827,1083.414
isr,20210828,1090.41
isr,20210829,1093.639
isr,20210830,1096.007
isr,20210831,1099.666
isr,20210901,1099.236
isr,20210902,1092.67
isr,20210903,1088.365
isr,20210904,1082.23
isr,20210905,1073.404
isr,20210906,1057.367
isr,20210907,1035.303
isr,20210908,1010.333
isr,20210909,992.358
isr,20210910,971.263
isr,20210911,949.629
isr,20210912,931.977
isr,20210913,922.29
isr,20210914,924.766
isr,20210915,931.116
isr,20210916,926.057
isr,20210917,928.21
isr,20210918,934.237
isr,20210919,935.96
isr,20210920,934.668
isr,20210921,922.29
isr,20210922,911.635
isr,20210923,909.805
isr,20210924,893.015
isr,20210925,867.291
isr,20210926,842.213
isr,20210927,817.996
isr,20210928,792.918
isr,20210929,765.687
isr,20210930,734.689
isr,20211001,710.688
isr,20211002,693.897
isr,20211003,673.77
isr,20211004,649.015
isr,20211005,628.35
isr,20211006,602.196
isr,20211007,574.642
isr,20211008,545.474
isr,20211009,512.324
isr,20211010,481.757
isr,20211011,454.203
isr,20211012,425.896
isr,20211013,401.464
isr,20211014,378.538
isr,20211015,359.595
isr,20211016,342.482
isr,20211017,326.23
isr,20211018,309.87
isr,20211019,293.51
isr,20211020,278.119
isr,20211021,264.557
isr,20211022,249.596
isr,20211023,234.959
isr,20211024,220.967
isr,20211025,208.589
isr,20211026,197.288
isr,20211027,187.278
isr,20211028,176.3
isr,20211029,166.505
isr,20211030,158.218
isr,20211031,151.437
isr,20211101,145.517
isr,20211102,140.243
isr,20211103,132.709
isr,20211104,126.359
isr,20211105,120.547
isr,20211106,114.627
isr,20211107,106.985
isr,20211108,97.621
isr,20211109,89.657
isr,20211110,84.813
isr,20211111,80.831
isr,20211112,77.171
isr,20211113,73.512
isr,20211114,72.436
isr,20211115,73.404
isr,20211116,72.759
isr,20211117,71.359
isr,20211118,69.637
isr,20211119,68.453
isr,20211120,67.592
isr,20211121,66.408
isr,20211122,65.763
isr,20211123,66.193
isr,20211124,67.269
isr,20211125,68.453
isr,20211126,69.099
isr,20211127,70.606
isr,20211128,71.359
isr,20211129,70.606
isr,20211130,70.391
isr,20211201,69.53
isr,20211202,68.238
isr,20211203,67.915
isr,20211204,66.085
isr,20211205,65.009
isr,20211206,65.332
isr,20211207,64.794
isr,20211208,64.902
isr,20211209,65.87
isr,20211210,65.87
isr,20211211,67.808
isr,20211212,68.991
isr,20211213,69.422
isr,20211214,69.637
isr,20211215,69.53
isr,20211216,68.991
isr,20211217,68.776
isr,20211218,66.624
isr,20211219,65.224
isr,20211220,64.686
isr,20211221,63.718
isr,20211222,62.964
ita,20201213,21.696
ita,20201220,19.802
ita,20201227,19.668
ita,20210103,20.674
ita,20210110,20.59
ita,20210117,19.165
ita,20210124,17.823
ita,20210131,15.191
ita,20210207,16.163
ita,20210214,16.566
ita,20210221,16.415
ita,20210228,20.07
ita,20210307,24.211
ita,20210314,29.627
ita,20210321,31.086
ita,20210328,31.404
ita,20210404,27.649
ita,20210411,25.167
ita,20210418,22.82
ita,20210425,17.806
ita,20210502,16.683
ita,20210509,14.218
ita,20210516,9.624
ita,20210523,7.662
ita,20210530,4.494
ita,20210606,3.32
ita,20210613,2.716
ita,20210620,1.576
ita,20210627,1.04
ita,20210704,0.62
ita,20210711,0.822
ita,20210718,0.905
ita,20210725,1.593
ita,20210801,2.062
ita,20210808,2.934
ita,20210815,4.074
ita,20210822,4.527
ita,20210829,4.879
ita,20210905,5.365
ita,20210912,4.376
ita,20210919,3.873
ita,20210926,3.555
ita,20211003,2.767
ita,20211010,2.247
ita,20211017,2.129
ita,20211024,2.683
ita,20211031,2.8
ita,20211107,3.689
ita,20211114,4.577
ita,20211121,5.03
ita,20211128,6.472
ita,20211205,6.757
ita,20211212,7.897
lva,20200106,0
lva,20200118,0
lva,20200212,0
lva,20200301,0
lva,20200308,0
lva,20200315,0
lva,20200322,0
lva,20200329,1.573
lva,20200405,2.097
lva,20200412,0
lva,20200419,1.573
lva,20200426,2.097
lva,20200503,1.048
lva,20200510,0
lva,20200517,0.524
lva,20200524,0
lva,20200531,0.524
lva,20200607,1.048
lva,20200614,0
lva,20200621,0
lva,20200628,0
lva,20200705,0
lva,20200712,0
lva,20200719,0
lva,20200726,0
lva,20200802,0
lva,20200809,0
lva,20200816,0
lva,20200823,0
lva,20200830,0
lva,20200906,0
lva,20200913,0
lva,20200920,0
lva,20200927,0
lva,20201004,2.097
lva,20201011,1.573
lva,20201018,3.145
lva,20201025,4.194
lva,20201101,9.96
lva,20201108,11.532
lva,20201115,13.105
lva,20201122,21.492
lva,20201129,42.984
lva,20201206,49.799
lva,20201213,56.089
lva,20201220,48.226
lva,20201227,48.226
lva,20210103,58.186
lva,20210110,62.38
lva,20210117,79.154
lva,20210124,84.396
lva,20210131,85.444
lva,20210207,81.251
lva,20210214,81.775
lva,20210221,66.049
lva,20210228,64.476
lva,20210307,62.38
lva,20210314,66.573
lva,20210321,55.565
lva,20210328,62.38
lva,20210404,68.146
lva,20210411,71.291
lva,20210418,68.146
lva,20210425,66.573
lva,20210502,73.912
lva,20210509,70.243
lva,20210516,69.194
lva,20210523,64.476
lva,20210530,60.807
lva,20210606,46.129
lva,20210613,45.081
lva,20210620,40.887
lva,20210627,27.783
lva,20210704,25.162
lva,20210711,12.581
lva,20210718,12.581
lva,20210725,7.339
lva,20210801,6.815
lva,20210808,9.96
lva,20210815,9.96
lva,20210822,8.387
lva,20210829,15.726
lva,20210905,22.541
lva,20210912,22.016
lva,20210919,33.549
lva,20210926,46.654
lva,20211003,57.662
lva,20211010,69.718
lva,20211017,102.743
lva,20211024,123.711
lva,20211031,158.832
lva,20211107,221.212
lva,20211114,209.155
lva,20211121,167.219
lva,20211128,142.058
lva,20211205,110.606
lva,20211212,90.162
mlt,20200920,9.717
mlt,20200927,7.774
mlt,20201004,7.774
mlt,20201011,7.774
mlt,20201018,11.66
mlt,20201025,17.491
mlt,20201101,9.717
mlt,20201108,5.83
mlt,20201115,13.604
mlt,20201122,7.774
mlt,20201129,17.491
mlt,20201206,7.774
mlt,20201213,7.774
mlt,20201220,7.774
mlt,20201227,7.774
mlt,20210103,15.547
mlt,20210110,1.943
mlt,20210117,11.66
mlt,20210124,7.774
mlt,20210131,9.717
mlt,20210207,11.66
mlt,20210214,9.717
mlt,20210221,19.434
mlt,20210228,17.491
mlt,20210307,11.66
mlt,20210314,27.207
mlt,20210321,13.604
mlt,20210328,1.943
mlt,20210411,13.604
mlt,20210425,5.83
mlt,20210502,1.943
mlt,20210509,3.887
mlt,20210516,3.887
mlt,20210704,1.943
mlt,20210711,1.943
mlt,20210801,9.717
mlt,20210808,1.943
mlt,20210815,7.774
mlt,20210822,3.887
mlt,20210829,3.887
mlt,20210905,3.887
mlt,20210912,3.887
mlt,20210919,1.943
mlt,20210926,5.83
mlt,20211010,1.943
mlt,20211024,7.774
mlt,20211114,1.943
mlt,20211121,1.943
mlt,20211205,3.887
mlt,20211212,5.83
nld,20200301,0.115
nld,20200308,1.034
nld,20200315,6.377
nld,20200322,24.472
nld,20200329,43.027
nld,20200405,36.076
nld,20200412,19.704
nld,20200419,11.489
nld,20200426,7.181
nld,20200503,4.94
nld,20200510,2.585
nld,20200517,1.953
nld,20200524,1.379
nld,20200531,0.919
nld,20200607,1.379
nld,20200614,0.574
nld,20200621,0.345
nld,20200628,0.287
nld,20200705,0.287
nld,20200712,0.345
nld,20200719,0.172
nld,20200726,0.517
nld,20200802,0.804
nld,20200809,1.034
nld,20200816,1.494
nld,20200823,1.608
nld,20200830,0.862
nld,20200906,0.977
nld,20200913,1.781
nld,20200920,3.045
nld,20200927,5.457
nld,20201004,6.894
nld,20201011,10.742
nld,20201018,15.798
nld,20201025,19.474
nld,20201101,19.474
nld,20201108,16.372
nld,20201115,13.902
nld,20201122,12.006
nld,20201129,10.8
nld,20201206,11.489
nld,20201213,12.983
nld,20201220,16.545
nld,20201227,16.832
nld,20210103,19.302
nld,20210110,17.234
nld,20210117,14.649
nld,20210124,13.902
nld,20210131,14.476
nld,20210207,9.938
nld,20210214,11.03
nld,20210221,13.902
nld,20210228,12.925
nld,20210307,15.625
nld,20210314,15.453
nld,20210321,18.383
nld,20210328,17.923
nld,20210404,21.6
nld,20210411,21.944
nld,20210418,21.313
nld,20210425,21.255
nld,20210502,22.002
nld,20210509,17.866
nld,20210516,13.442
nld,20210523,10.742
nld,20210530,6.664
nld,20210606,2.987
nld,20210613,2.355
nld,20210620,1.896
nld,20210627,1.034
nld,20210704,0.517
nld,20210711,0.689
nld,20210718,1.953
nld,20210725,6.606
nld,20210801,7.525
nld,20210808,6.951
nld,20210815,5.285
nld,20210822,5.515
nld,20210829,5.457
nld,20210905,5.285
nld,20210912,4.538
nld,20210919,3.906
nld,20210926,3.274
nld,20211003,2.528
nld,20211010,4.021
nld,20211017,4.596
nld,20211024,6.721
nld,20211031,8.272
nld,20211107,12.006
nld,20211114,13.098
nld,20211121,17.291
nld,20211128,21.542
nld,20211205,19.934
nld,20211212,19.072
nor,20200301,0
nor,20200308,0
nor,20200315,2.049
nor,20200322,8.197
nor,20200329,14.345
nor,20200405,6.707
nor,20200412,2.236
nor,20200419,2.795
nor,20200426,2.422
nor,20200503,0.559
nor,20200510,0.745
nor,20200517,0.559
nor,20200524,0.186
nor,20200531,0.186
nor,20200607,0
nor,20200614,0.745
nor,20200621,0.373
nor,20200628,0
nor,20200705,0.186
nor,20200712,0.186
nor,20200719,0.186
nor,20200726,0.186
nor,20200802,0
nor,20200809,0.186
nor,20200816,0.186
nor,20200823,0.186
nor,20200830,0.186
nor,20200906,0.186
nor,20200913,0.373
nor,20200920,0.373
nor,20200927,0.559
nor,20201004,0.559
nor,20201011,0.373
nor,20201018,1.118
nor,20201025,0.745
nor,20201101,0.932
nor,20201108,3.167
nor,20201115,3.167
nor,20201122,4.471
nor,20201129,2.608
nor,20201206,3.54
nor,20201213,3.726
nor,20201220,2.608
nor,20201227,2.608
nor,20210103,2.049
nor,20210110,4.099
nor,20210117,2.795
nor,20210124,2.236
nor,20210131,1.677
nor,20210207,1.863
nor,20210214,1.49
nor,20210221,1.49
nor,20210228,2.236
nor,20210307,3.353
nor,20210314,5.589
nor,20210321,8.756
nor,20210328,9.874
nor,20210404,10.247
nor,20210411,5.962
nor,20210418,5.962
nor,20210425,5.403
nor,20210502,2.422
nor,20210509,2.236
nor,20210516,2.422
nor,20210523,2.422
nor,20210530,1.863
nor,20210606,1.49
nor,20210613,0.559
nor,20210620,0
nor,20210627,0.932
nor,20210704,0.373
nor,20210711,0.932
nor,20210718,0.932
nor,20210725,0.559
nor,20210801,0.559
nor,20210808,0.932
nor,20210815,0.559
nor,20210822,1.118
nor,20210829,1.304
nor,20210905,3.353
nor,20210912,4.285
nor,20210919,2.049
nor,20210926,3.167
nor,20211003,1.863
nor,20211010,2.608
nor,20211017,3.167
nor,20211024,2.049
nor,20211031,4.099
nor,20211107,6.893
nor,20211114,4.844
nor,20211121,4.471
nor,20211128,8.197
nor,20211205,8.756
nor,20211212,11.737
svn,20200322,3.817
svn,20200329,8.588
svn,20200405,6.203
svn,20200412,6.203
svn,20200419,3.817
svn,20200426,1.909
svn,20200503,1.909
svn,20200510,0
svn,20200517,0
svn,20200524,0.477
svn,20200531,0
svn,20200607,0
svn,20200614,0
svn,20200621,0.477
svn,20200628,1.431
svn,20200705,0
svn,20200712,0.477
svn,20200719,1.431
svn,20200726,0.954
svn,20200802,0.954
svn,20200809,1.431
svn,20200816,0.477
svn,20200823,0
svn,20200830,1.431
svn,20200906,0.954
svn,20200913,1.909
svn,20200920,5.248
svn,20200927,6.68
svn,20201004,2.863
svn,20201011,12.883
svn,20201018,20.039
svn,20201025,27.196
svn,20201101,53.916
svn,20201108,60.596
svn,20201115,61.073
svn,20201122,59.164
svn,20201129,57.256
svn,20201206,57.733
svn,20201213,64.413
svn,20201220,52.007
svn,20201227,52.962
svn,20210103,50.576
svn,20210110,52.962
svn,20210117,47.236
svn,20210124,45.327
svn,20210131,38.17
svn,20210207,33.876
svn,20210214,26.719
svn,20210221,21.948
svn,20210228,27.196
svn,20210307,17.654
svn,20210314,25.288
svn,20210321,24.811
svn,20210328,29.582
svn,20210404,44.85
svn,20210411,38.648
svn,20210418,35.308
svn,20210425,37.216
svn,20210502,31.491
svn,20210509,30.059
svn,20210516,20.039
svn,20210523,23.379
svn,20210530,12.405
svn,20210606,6.68
svn,20210613,9.065
svn,20210620,6.68
svn,20210627,1.431
svn,20210704,0.954
svn,20210711,1.431
svn,20210718,0.954
svn,20210725,0.954
svn,20210801,1.431
svn,20210808,1.909
svn,20210815,2.386
svn,20210822,7.157
svn,20210829,8.111
svn,20210905,14.791
svn,20210912,22.902
svn,20210919,27.196
svn,20210926,27.196
svn,20211003,31.968
svn,20211010,29.105
svn,20211017,26.719
svn,20211024,31.491
svn,20211031,43.419
svn,20211107,59.164
svn,20211114,69.184
svn,20211121,76.818
svn,20211128,76.818
svn,20211205,64.89
svn,20211212,50.099
swe,20200308,0.29
swe,20200315,1.549
swe,20200322,8.327
swe,20200329,22.948
swe,20200405,26.725
swe,20200412,27.596
swe,20200419,24.013
swe,20200426,22.948
swe,20200503,18.204
swe,20200510,15.105
swe,20200517,11.91
swe,20200524,10.748
swe,20200531,11.813
swe,20200607,11.91
swe,20200614,8.811
swe,20200621,7.165
swe,20200628,5.422
swe,20200705,3.292
swe,20200712,1.356
swe,20200719,1.356
swe,20200726,1.162
swe,20200802,1.065
swe,20200809,1.549
swe,20200816,1.259
swe,20200823,0.775
swe,20200830,0.678
swe,20200906,0.775
swe,20200913,0.775
swe,20200920,0.678
swe,20200927,0.775
swe,20201004,1.356
swe,20201011,2.13
swe,20201018,1.84
swe,20201025,3.583
swe,20201101,5.616
swe,20201108,10.651
swe,20201115,11.329
swe,20201122,14.815
swe,20201129,16.461
swe,20201206,16.073
swe,20201213,15.88
swe,20201220,18.107
swe,20201227,19.947
swe,20210103,22.464
swe,20210110,17.913
swe,20210117,14.815
swe,20210124,12.104
swe,20210131,10.554
swe,20210207,10.07
swe,20210214,10.167
swe,20210221,10.554
swe,20210228,12.878
swe,20210307,13.072
swe,20210314,14.427
swe,20210321,16.073
swe,20210328,16.945
swe,20210404,21.109
swe,20210411,24.11
swe,20210418,23.723
swe,20210425,20.431
swe,20210502,19.947
swe,20210509,17.526
swe,20210516,11.426
swe,20210523,8.424
swe,20210530,5.81
swe,20210606,2.808
swe,20210613,3.098
swe,20210620,1.065
swe,20210627,1.356
swe,20210704,0.387
swe,20210711,0.678
swe,20210718,0.968
swe,20210725,0.581
swe,20210801,1.259
swe,20210808,1.84
swe,20210815,2.13
swe,20210822,2.227
swe,20210829,3.486
swe,20210905,4.551
swe,20210912,2.808
swe,20210919,2.324
swe,20210926,2.033
swe,20211003,1.646
swe,20211010,1.452
swe,20211017,1.356
swe,20211024,1.452
swe,20211031,1.549
swe,20211107,1.743
swe,20211114,2.033
swe,20211121,1.259
swe,20211128,3.195
swe,20211205,2.905
swe,20211212,4.067
