geo,time,weekly_hosp_admissions
bel,20200315,1539
bel,20200322,1513
bel,20200329,3532
bel,20200405,3605
bel,20200412,2857
bel,20200419,1943
bel,20200426,1434
bel,20200503,919
bel,20200510,670
bel,20200517,447
bel,20200524,379
bel,20200531,257
bel,20200607,200
bel,20200614,148
bel,20200621,131
bel,20200628,105
bel,20200705,83
bel,20200712,72
bel,20200719,108
bel,20200726,154
bel,20200802,213
bel,20200809,228
bel,20200816,282
bel,20200823,202
bel,20200830,113
bel,20200906,141
bel,20200913,230
bel,20200920,348
bel,20200927,488
bel,20201004,595
bel,20201011,946
bel,20201018,1867
bel,20201025,3448
bel,20201101,4777
bel,20201108,4341
bel,20201115,3364
bel,20201122,2206
bel,20201129,1682
bel,20201206,1374
bel,20201213,1322
bel,20201220,1303
bel,20201227,1174
bel,20210103,668
bel,20210110,932
bel,20210117,848
bel,20210124,1000
bel,20210131,845
bel,20210207,937
bel,20210214,842
bel,20210221,845
bel,20210228,1059
bel,20210307,1031
bel,20210314,1143
bel,20210321,1396
bel,20210328,1709
bel,20210404,1861
bel,20210411,1797
bel,20210418,1659
bel,20210425,1615
bel,20210502,1363
bel,20210509,1150
bel,20210516,976
bel,20210523,838
bel,20210530,617
bel,20210606,505
bel,20210613,348
bel,20210620,237
bel,20210627,163
bel,20210704,110
bel,20210711,119
bel,20210718,171
bel,20210725,203
bel,20210801,253
bel,20210808,306
bel,20210815,388
bel,20210822,416
bel,20210829,425
bel,20210905,488
bel,20210912,430
bel,20210919,434
bel,20210926,358
bel,20211003,430
bel,20211010,395
bel,20211017,490
bel,20211024,771
bel,20211031,1062
bel,20211107,1245
bel,20211114,1622
bel,20211121,1949
bel,20211128,2199
bel,20211205,2195
bel,20211212,1929
che,20200301,52
che,20200308,111
che,20200315,351
che,20200322,839
che,20200329,1174
che,20200405,673
che,20200412,378
che,20200419,224
che,20200426,107
che,20200503,66
che,20200510,31
che,20200517,25
che,20200524,15
che,20200531,19
che,20200607,5
che,20200614,8
che,20200621,17
che,20200628,17
che,20200705,38
che,20200712,55
che,20200719,36
che,20200726,59
che,20200802,62
che,20200809,49
che,20200816,53
che,20200823,51
che,20200830,44
che,20200906,75
che,20200913,100
che,20200920,107
che,20200927,114
che,20201004,164
che,20201011,286
che,20201018,649
che,20201025,1217
che,20201101,1632
che,20201108,1688
che,20201115,1536
che,20201122,1322
che,20201129,1204
che,20201206,1160
che,20201213,1216
che,20201220,1143
che,20201227,1096
che,20210103,1138
che,20210110,956
che,20210117,688
che,20210124,542
che,20210131,466
che,20210207,423
che,20210214,329
che,20210221,313
che,20210228,292
che,20210307,342
che,20210314,357
che,20210321,411
che,20210328,467
che,20210404,541
che,20210411,510
che,20210418,490
che,20210425,487
che,20210502,461
che,20210509,337
che,20210516,238
che,20210523,251
che,20210530,149
che,20210606,120
che,20210613,77
che,20210620,48
che,20210627,29
che,20210704,17
che,20210711,28
che,20210718,62
che,20210725,89
che,20210801,121
che,20210808,181
che,20210815,382
che,20210822,531
che,20210829,492
che,20210905,416
che,20210912,362
che,20210919,314
che,20210926,251
che,20211003,171
che,20211010,169
che,20211017,159
che,20211024,183
che,20211031,239
che,20211107,305
che,20211114,405
che,20211121,571
che,20211128,687
che,20211205,787
che,20211212,748
che,20211219,428
cyp,20200308,1
cyp,20200315,8
cyp,20200322,23
cyp,20200329,53
cyp,20200405,37
cyp,20200412,20
cyp,20200419,11
cyp,20200426,6
cyp,20200503,6
cyp,20200510,6
cyp,20200517,1
cyp,20200524,1
cyp,20200531,1
cyp,20200607,1
cyp,20200614,1
cyp,20200621,1
cyp,20200628,2
cyp,20200719,1
cyp,20200726,1
cyp,20200802,8
cyp,20200809,4
cyp,20200816,2
cyp,20200823,4
cyp,20200830,5
cyp,20200906,1
cyp,20200913,2
cyp,20200920,6
cyp,20200927,15
cyp,20201004,4
cyp,20201011,7
cyp,20201018,29
cyp,20201025,33
cyp,20201101,40
cyp,20201108,65
cyp,20201115,61
cyp,20201122,73
cyp,20201129,84
cyp,20201206,77
cyp,20201213,80
cyp,20201220,106
cyp,20201227,103
cyp,20210103,125
cyp,20210110,138
cyp,20210117,118
cyp,20210124,96
cyp,20210131,71
cyp,20210207,71
cyp,20210214,54
cyp,20210221,67
cyp,20210228,61
cyp,20210307,108
cyp,20210314,179
cyp,20210321,169
cyp,20210328,147
cyp,20210404,152
cyp,20210411,178
cyp,20210418,206
cyp,20210425,251
cyp,20210502,228
cyp,20210509,188
cyp,20210516,112
cyp,20210523,68
cyp,20210530,35
cyp,20210606,22
cyp,20210613,20
cyp,20210620,35
cyp,20210627,33
cyp,20210704,78
cyp,20210711,132
cyp,20210718,203
cyp,20210725,236
cyp,20210801,233
cyp,20210808,205
cyp,20210815,149
cyp,20210822,126
cyp,20210829,93
cyp,20210905,93
cyp,20210912,74
cyp,20210919,55
cyp,20210926,40
cyp,20211003,32
cyp,20211010,29
cyp,20211017,35
cyp,20211024,35
cyp,20211031,42
cyp,20211107,39
cyp,20211114,60
cyp,20211121,69
cyp,20211128,75
cyp,20211205,82
cyp,20211212,96
cze,20200106,0
cze,20200118,0
cze,20200212,0
cze,20200301,0
cze,20200308,0
cze,20200315,8
cze,20200322,120
cze,20200329,351
cze,20200405,518
cze,20200412,581
cze,20200419,516
cze,20200426,478
cze,20200503,372
cze,20200510,285
cze,20200517,195
cze,20200524,146
cze,20200531,120
cze,20200607,100
cze,20200614,91
cze,20200621,114
cze,20200628,107
cze,20200705,106
cze,20200712,107
cze,20200719,109
cze,20200726,131
cze,20200802,170
cze,20200809,177
cze,20200816,192
cze,20200823,204
cze,20200830,233
cze,20200906,325
cze,20200913,498
cze,20200920,846
cze,20200927,1363
cze,20201004,1975
cze,20201011,3394
cze,20201018,5637
cze,20201025,9032
cze,20201101,11788
cze,20201108,12865
cze,20201115,11610
cze,20201122,9454
cze,20201129,8323
cze,20201206,7411
cze,20201213,7270
cze,20201220,7660
cze,20201227,8244
cze,20210103,10253
cze,20210110,12218
cze,20210117,11545
cze,20210124,10591
cze,20210131,9775
cze,20210207,9668
cze,20210214,9932
cze,20210221,10772
cze,20210228,12232
cze,20210307,13792
cze,20210314,14645
cze,20210321,14346
cze,20210328,13218
cze,20210404,11689
cze,20210411,9588
cze,20210418,7630
cze,20210425,5985
cze,20210502,4680
cze,20210509,3665
cze,20210516,2687
cze,20210523,1836
cze,20210530,1182
cze,20210606,719
cze,20210613,401
cze,20210620,236
cze,20210627,128
cze,20210704,95
cze,20210711,63
cze,20210718,63
cze,20210725,87
cze,20210801,100
cze,20210808,101
cze,20210815,109
cze,20210822,124
cze,20210829,122
cze,20210905,127
cze,20210912,183
cze,20210919,277
cze,20210926,310
cze,20211003,402
cze,20211010,557
cze,20211017,824
cze,20211024,1482
cze,20211031,2541
cze,20211107,4237
cze,20211114,6273
cze,20211121,8361
cze,20211128,10148
cze,20211205,11001
cze,20211212,10411
deu,20200301,24
deu,20200308,149
deu,20200315,450
deu,20200322,2017
deu,20200329,4861
deu,20200405,6235
deu,20200412,4796
deu,20200419,3505
deu,20200426,2389
deu,20200503,1409
deu,20200510,1091
deu,20200517,777
deu,20200524,518
deu,20200531,437
deu,20200607,308
deu,20200614,275
deu,20200621,333
deu,20200628,309
deu,20200705,263
deu,20200712,256
deu,20200719,312
deu,20200726,346
deu,20200802,365
deu,20200809,418
deu,20200816,436
deu,20200823,448
deu,20200830,370
deu,20200906,401
deu,20200913,458
deu,20200920,684
deu,20200927,774
deu,20201004,881
deu,20201011,1567
deu,20201018,2264
deu,20201025,3992
deu,20201101,5842
deu,20201108,6897
deu,20201115,7630
deu,20201122,8111
deu,20201129,8409
deu,20201206,9141
deu,20201213,11184
deu,20201220,12596
deu,20201227,10971
deu,20210103,11136
deu,20210110,11605
deu,20210117,9997
deu,20210124,9070
deu,20210131,7659
deu,20210207,6599
deu,20210214,5213
deu,20210221,5207
deu,20210228,4902
deu,20210307,4464
deu,20210314,4816
deu,20210321,5714
deu,20210328,6831
deu,20210404,6927
deu,20210411,7531
deu,20210418,7856
deu,20210425,8081
deu,20210502,6836
deu,20210509,5630
deu,20210516,4102
deu,20210523,2986
deu,20210530,1742
deu,20210606,1172
deu,20210613,842
deu,20210620,546
deu,20210627,372
deu,20210704,317
deu,20210711,362
deu,20210718,393
deu,20210725,593
deu,20210801,753
deu,20210808,1002
deu,20210815,1587
deu,20210822,2286
deu,20210829,3161
deu,20210905,3246
deu,20210912,3279
deu,20210919,2816
deu,20210926,2450
deu,20211003,2528
deu,20211010,2558
deu,20211017,2970
deu,20211024,4618
deu,20211031,5682
deu,20211107,6740
deu,20211114,8246
deu,20211121,9699
deu,20211128,10134
deu,20211205,9333
deu,20211212,7820
deu,20211219,4246
dnk,20200308,9
dnk,20200315,135
dnk,20200322,328
dnk,20200329,562
dnk,20200405,325
dnk,20200412,279
dnk,20200419,197
dnk,20200426,210
dnk,20200503,137
dnk,20200510,95
dnk,20200517,64
dnk,20200524,65
dnk,20200531,52
dnk,20200607,34
dnk,20200614,27
dnk,20200621,27
dnk,20200628,30
dnk,20200705,22
dnk,20200712,17
dnk,20200719,18
dnk,20200726,19
dnk,20200802,22
dnk,20200809,32
dnk,20200816,20
dnk,20200823,28
dnk,20200830,22
dnk,20200906,29
dnk,20200913,59
dnk,20200920,88
dnk,20200927,125
dnk,20201004,117
dnk,20201011,104
dnk,20201018,122
dnk,20201025,143
dnk,20201101,196
dnk,20201108,250
dnk,20201115,279
dnk,20201122,275
dnk,20201129,264
dnk,20201206,316
dnk,20201213,479
dnk,20201220,820
dnk,20201227,945
dnk,20210103,997
dnk,20210110,884
dnk,20210117,709
dnk,20210124,608
dnk,20210131,380
dnk,20210207,251
dnk,20210214,209
dnk,20210221,161
dnk,20210228,190
dnk,20210307,199
dnk,20210314,179
dnk,20210321,166
dnk,20210328,211
dnk,20210404,223
dnk,20210411,206
dnk,20210418,189
dnk,20210425,190
dnk,20210502,175
dnk,20210509,146
dnk,20210516,229
dnk,20210523,162
dnk,20210530,168
dnk,20210606,148
dnk,20210613,106
dnk,20210620,70
dnk,20210627,54
dnk,20210704,36
dnk,20210711,38
dnk,20210718,74
dnk,20210725,76
dnk,20210801,88
dnk,20210808,93
dnk,20210815,138
dnk,20210822,189
dnk,20210829,178
dnk,20210905,182
dnk,20210912,148
dnk,20210919,89
dnk,20210926,81
dnk,20211003,92
dnk,20211010,90
dnk,20211017,124
dnk,20211024,188
dnk,20211031,266
dnk,20211107,313
dnk,20211114,388
dnk,20211121,436
dnk,20211128,487
dnk,20211205,519
dnk,20211212,518
esp,20200118,1
esp,20200301,61
esp,20200308,774
esp,20200315,5953
esp,20200322,20879
esp,20200329,31322
esp,20200405,20362
esp,20200412,11761
esp,20200419,6562
esp,20200426,3561
esp,20200503,2131
esp,20200510,1575
esp,20200517,817
esp,20200524,501
esp,20200531,413
esp,20200607,326
esp,20200614,250
esp,20200621,217
esp,20200628,186
esp,20200705,269
esp,20200712,300
esp,20200719,494
esp,20200726,715
esp,20200802,1268
esp,20200809,1846
esp,20200816,2888
esp,20200823,3902
esp,20200830,4759
esp,20200906,5215
esp,20200913,6109
esp,20200920,6535
esp,20200927,6137
esp,20201004,5606
esp,20201011,6022
esp,20201018,6887
esp,20201025,8849
esp,20201101,10033
esp,20201108,10083
esp,20201115,9410
esp,20201122,7548
esp,20201129,5755
esp,20201206,4635
esp,20201213,4395
esp,20201220,4873
esp,20201227,5093
esp,20210103,6238
esp,20210110,8844
esp,20210117,14085
esp,20210124,17601
esp,20210131,16021
esp,20210207,11717
esp,20210214,7541
esp,20210221,5024
esp,20210228,3907
esp,20210307,3335
esp,20210314,3223
esp,20210321,3062
esp,20210328,3500
esp,20210404,3979
esp,20210411,4730
esp,20210418,5105
esp,20210425,4861
esp,20210502,4350
esp,20210509,3530
esp,20210516,2771
esp,20210523,2233
esp,20210530,2069
esp,20210606,1763
esp,20210613,1520
esp,20210620,1193
esp,20210627,1137
esp,20210704,1461
esp,20210711,2465
esp,20210718,4351
esp,20210725,6217
esp,20210801,6286
esp,20210808,5649
esp,20210815,4768
esp,20210822,3784
esp,20210829,3020
esp,20210905,2252
esp,20210912,1566
esp,20210919,1154
esp,20210926,865
esp,20211003,683
esp,20211010,623
esp,20211017,747
esp,20211024,739
esp,20211031,800
esp,20211107,929
esp,20211114,1125
esp,20211121,1441
esp,20211128,1698
esp,20211205,1833
esp,20211212,1583
est,20200308,0
est,20200315,7
est,20200322,41
est,20200329,79
est,20200405,92
est,20200412,66
est,20200419,36
est,20200426,24
est,20200503,22
est,20200510,7
est,20200517,16
est,20200524,17
est,20200531,7
est,20200607,6
est,20200614,8
est,20200621,4
est,20200628,2
est,20200705,1
est,20200712,2
est,20200719,0
est,20200726,0
est,20200802,6
est,20200809,3
est,20200816,2
est,20200823,8
est,20200830,6
est,20200906,5
est,20200913,16
est,20200920,24
est,20200927,29
est,20201004,27
est,20201011,13
est,20201018,24
est,20201025,23
est,20201101,29
est,20201108,58
est,20201115,77
est,20201122,139
est,20201129,169
est,20201206,178
est,20201213,196
est,20201220,233
est,20201227,278
est,20210103,242
est,20210110,272
est,20210117,291
est,20210124,277
est,20210131,301
est,20210207,280
est,20210214,315
est,20210221,328
est,20210228,418
est,20210307,527
est,20210314,529
est,20210321,537
est,20210328,551
est,20210404,472
est,20210411,348
est,20210418,276
est,20210425,244
est,20210502,203
est,20210509,171
est,20210516,158
est,20210523,109
est,20210530,69
est,20210606,44
est,20210613,43
est,20210620,33
est,20210627,18
est,20210704,21
est,20210711,17
est,20210718,12
est,20210725,34
est,20210801,40
est,20210808,52
est,20210815,72
est,20210822,73
est,20210829,113
est,20210905,104
est,20210912,127
est,20210919,142
est,20210926,151
est,20211003,197
est,20211010,245
est,20211017,336
est,20211024,428
est,20211031,447
est,20211107,409
est,20211114,323
est,20211121,232
est,20211128,196
est,20211205,135
est,20211212,212
fra,20200329,20031
fra,20200405,23760
fra,20200412,19053
fra,20200419,12342
fra,20200426,9204
fra,20200503,5869
fra,20200510,4265
fra,20200517,3218
fra,20200524,2201
fra,20200531,1738
fra,20200607,1156
fra,20200614,824
fra,20200621,763
fra,20200628,666
fra,20200705,646
fra,20200712,606
fra,20200719,604
fra,20200726,749
fra,20200802,778
fra,20200809,782
fra,20200816,1008
fra,20200823,1083
fra,20200830,1337
fra,20200906,1704
fra,20200913,2464
fra,20200920,3894
fra,20200927,4204
fra,20201004,4264
fra,20201011,5084
fra,20201018,7530
fra,20201025,12175
fra,20201101,17450
fra,20201108,19940
fra,20201115,17414
fra,20201122,13623
fra,20201129,9402
fra,20201206,8578
fra,20201213,8734
fra,20201220,8802
fra,20201227,7792
fra,20210103,7545
fra,20210110,9006
fra,20210117,9759
fra,20210124,11284
fra,20210131,11253
fra,20210207,11208
fra,20210214,10108
fra,20210221,9502
fra,20210228,9768
fra,20210307,9472
fra,20210314,9933
fra,20210321,11060
fra,20210328,12810
fra,20210404,13968
fra,20210411,14039
fra,20210418,13433
fra,20210425,12624
fra,20210502,10949
fra,20210509,8207
fra,20210516,5676
fra,20210523,4705
fra,20210530,3298
fra,20210606,2903
fra,20210613,2098
fra,20210620,1372
fra,20210627,975
fra,20210704,815
fra,20210711,797
fra,20210718,1229
fra,20210725,1864
fra,20210801,3574
fra,20210808,4832
fra,20210815,5285
fra,20210822,6271
fra,20210829,5396
fra,20210905,4331
fra,20210912,3585
fra,20210919,2584
fra,20210926,2119
fra,20211003,1570
fra,20211010,1406
fra,20211017,1300
fra,20211024,1549
fra,20211031,1703
fra,20211107,1924
fra,20211114,2222
fra,20211121,3315
fra,20211128,4528
fra,20211205,6388
fra,20211212,8179
fra,20211219,8712
gbr,20200329,13916
gbr,20200405,21645
gbr,20200412,18483
gbr,20200419,13395
gbr,20200426,10623
gbr,20200503,9618
gbr,20200510,7537
gbr,20200517,6365
gbr,20200524,5393
gbr,20200531,4428
gbr,20200607,3761
gbr,20200614,3009
gbr,20200621,2614
gbr,20200628,2287
gbr,20200705,1616
gbr,20200712,1310
gbr,20200719,1084
gbr,20200726,1002
gbr,20200802,853
gbr,20200809,847
gbr,20200816,717
gbr,20200823,701
gbr,20200830,825
gbr,20200906,943
gbr,20200913,1433
gbr,20200920,1894
gbr,20200927,2650
gbr,20201004,3563
gbr,20201011,5020
gbr,20201018,7003
gbr,20201025,8837
gbr,20201101,10473
gbr,20201108,11051
gbr,20201115,12454
gbr,20201122,11470
gbr,20201129,10017
gbr,20201206,10168
gbr,20201213,12200
gbr,20201220,14276
gbr,20201227,16797
gbr,20210103,23060
gbr,20210110,28804
gbr,20210117,28597
gbr,20210124,25537
gbr,20210131,19755
gbr,20210207,15339
gbr,20210214,11553
gbr,20210221,9278
gbr,20210228,6608
gbr,20210307,4847
gbr,20210314,3646
gbr,20210321,2944
gbr,20210328,2262
gbr,20210404,1668
gbr,20210411,1503
gbr,20210418,1204
gbr,20210425,1028
gbr,20210502,847
gbr,20210509,788
gbr,20210516,707
gbr,20210523,850
gbr,20210530,891
gbr,20210606,945
gbr,20210613,1340
gbr,20210620,1591
gbr,20210627,1795
gbr,20210704,2716
gbr,20210711,3976
gbr,20210718,5222
gbr,20210725,6334
gbr,20210801,5710
gbr,20210808,5455
gbr,20210815,5746
gbr,20210822,6272
gbr,20210829,6621
gbr,20210905,6846
gbr,20210912,7012
gbr,20210919,5973
gbr,20210926,5218
gbr,20211003,5190
gbr,20211010,5531
gbr,20211017,6434
gbr,20211024,7111
gbr,20211031,7342
gbr,20211107,6594
gbr,20211114,6389
gbr,20211121,5662
gbr,20211128,5320
gbr,20211205,5535
gbr,20211212,6013
grc,20200906,202
grc,20200913,252
grc,20200920,331
grc,20200927,324
grc,20201004,385
grc,20201011,358
grc,20201018,405
grc,20201025,571
grc,20201101,924
grc,20201108,1661
grc,20201115,2669
grc,20201122,3086
grc,20201129,2777
grc,20201206,2328
grc,20201213,1870
grc,20201220,1473
grc,20201227,986
grc,20210103,968
grc,20210110,828
grc,20210117,901
grc,20210124,701
grc,20210131,901
grc,20210207,1184
grc,20210214,1393
grc,20210221,1477
grc,20210228,1934
grc,20210307,2489
grc,20210314,3066
grc,20210321,3200
grc,20210328,3027
grc,20210404,3362
grc,20210411,3628
grc,20210418,3469
grc,20210425,3199
grc,20210502,2920
grc,20210509,2556
grc,20210516,2122
grc,20210523,1829
grc,20210530,1378
grc,20210606,1075
grc,20210613,715
grc,20210620,438
grc,20210627,332
grc,20210704,259
grc,20210711,425
grc,20210718,781
grc,20210725,1079
grc,20210801,1172
grc,20210808,1329
grc,20210815,1580
grc,20210822,1771
grc,20210829,1788
grc,20210905,1568
grc,20210912,1409
grc,20210919,1291
grc,20210926,1291
grc,20211003,1094
grc,20211010,1260
grc,20211017,1381
grc,20211024,1535
grc,20211031,1877
grc,20211107,2437
grc,20211114,2780
grc,20211121,3078
grc,20211128,3215
grc,20211205,2940
grc,20211212,2663
hrv,20200426,103
hrv,20200503,24
hrv,20200510,40
hrv,20200517,15
hrv,20200524,15
hrv,20200531,1
hrv,20200607,0
hrv,20200614,3
hrv,20200621,6
hrv,20200628,57
hrv,20200705,67
hrv,20200712,96
hrv,20200719,101
hrv,20200726,82
hrv,20200802,76
hrv,20200809,64
hrv,20200816,70
hrv,20200823,99
hrv,20200830,190
hrv,20200906,235
hrv,20200913,220
hrv,20200920,172
hrv,20200927,206
hrv,20201004,233
hrv,20201011,341
hrv,20201018,526
hrv,20201025,826
hrv,20201101,1090
hrv,20201108,1308
hrv,20201115,1524
hrv,20201122,1616
hrv,20201129,1813
hrv,20201206,2205
hrv,20201213,2348
hrv,20201220,2180
hrv,20201227,1695
hrv,20210103,1529
hrv,20210110,1210
hrv,20210117,978
hrv,20210124,825
hrv,20210131,719
hrv,20210207,650
hrv,20210214,470
hrv,20210221,469
hrv,20210228,467
hrv,20210307,521
hrv,20210314,610
hrv,20210321,713
hrv,20210328,941
hrv,20210404,1262
hrv,20210411,1524
hrv,20210418,1627
hrv,20210425,1727
hrv,20210502,1547
hrv,20210509,1252
hrv,20210516,998
hrv,20210523,638
hrv,20210530,462
hrv,20210606,270
hrv,20210613,206
hrv,20210620,160
hrv,20210627,95
hrv,20210704,85
hrv,20210711,80
hrv,20210718,89
hrv,20210725,94
hrv,20210801,127
hrv,20210808,147
hrv,20210815,176
hrv,20210822,242
hrv,20210829,340
hrv,20210905,406
hrv,20210912,442
hrv,20210919,518
hrv,20210926,510
hrv,20211003,564
hrv,20211010,624
hrv,20211017,659
hrv,20211024,816
hrv,20211031,1126
hrv,20211107,1621
hrv,20211114,1686
hrv,20211121,1885
hrv,20211128,1731
hrv,20211205,1504
irl,20200412,494
irl,20200419,349
irl,20200426,306
irl,20200503,262
irl,20200510,163
irl,20200517,109
irl,20200524,97
irl,20200531,58
irl,20200607,25
irl,20200614,30
irl,20200621,13
irl,20200628,13
irl,20200705,9
irl,20200712,4
irl,20200719,7
irl,20200726,14
irl,20200802,8
irl,20200809,13
irl,20200816,17
irl,20200823,10
irl,20200830,31
irl,20200906,32
irl,20200913,35
irl,20200920,55
irl,20200927,56
irl,20201004,85
irl,20201011,130
irl,20201018,120
irl,20201025,180
irl,20201101,124
irl,20201108,142
irl,20201115,149
irl,20201122,140
irl,20201129,113
irl,20201206,102
irl,20201213,81
irl,20201220,128
irl,20201227,186
irl,20210103,479
irl,20210110,866
irl,20210117,1078
irl,20210124,725
irl,20210131,553
irl,20210207,417
irl,20210214,309
irl,20210221,316
irl,20210228,196
irl,20210307,168
irl,20210314,156
irl,20210321,194
irl,20210328,146
irl,20210404,118
irl,20210411,81
irl,20210418,93
irl,20210425,102
irl,20210502,78
irl,20210509,84
irl,20210523,88
irl,20210530,71
irl,20210606,65
irl,20210613,50
irl,20210620,49
irl,20210627,43
irl,20210704,56
irl,20210711,60
irl,20210718,112
irl,20210725,142
irl,20210801,187
irl,20210808,173
irl,20210815,234
irl,20210822,277
irl,20210829,315
irl,20210905,293
irl,20210912,272
irl,20210919,241
irl,20210926,266
irl,20211003,258
irl,20211010,317
irl,20211017,386
irl,20211024,357
irl,20211031,407
irl,20211107,373
irl,20211114,510
irl,20211121,549
irl,20211128,443
irl,20211205,476
irl,20211212,438
isl,20201004,15
isl,20201011,22
isl,20201018,16
isl,20201025,50
isl,20201101,25
isl,20201108,21
isl,20201115,9
isl,20201122,4
isl,20201129,4
isl,20201206,1
isl,20201213,1
isl,20201220,3
isl,20210103,0
isl,20210110,0
isl,20210117,1
isl,20210124,4
isl,20210131,1
isl,20210207,2
isl,20210214,0
isl,20210221,1
isl,20210228,0
isl,20210307,0
isl,20210314,0
isl,20210321,3
isl,20210328,1
isl,20210404,0
isl,20210411,0
isl,20210418,1
isl,20210425,5
isl,20210502,4
isl,20210509,2
isl,20210516,1
isl,20210523,0
isl,20210530,1
isl,20210606,0
isl,20210613,0
isl,20210620,0
isl,20210627,1
isl,20210704,1
isl,20210711,0
isl,20210718,1
isl,20210725,4
isl,20210801,14
isl,20210808,26
isl,20210815,14
isl,20210822,8
isl,20210829,8
isl,20210905,1
isl,20210912,5
isl,20210919,8
isl,20210926,4
isl,20211003,3
isl,20211010,4
isl,20211017,6
isl,20211024,7
isl,20211031,17
isl,20211107,14
isl,20211114,14
isl,20211121,16
isl,20211128,8
isl,20211205,12
isl,20211212,7
isr,20200308,22
isr,20200315,187
isr,20200322,271
isr,20200329,532
isr,20200405,762
isr,20200412,473
isr,20200419,410
isr,20200426,210
isr,20200503,138
isr,20200510,92
isr,20200517,50
isr,20200524,30
isr,20200531,39
isr,20200607,73
isr,20200614,103
isr,20200621,203
isr,20200628,223
isr,20200705,442
isr,20200712,698
isr,20200719,868
isr,20200726,855
isr,20200802,847
isr,20200809,838
isr,20200816,834
isr,20200823,834
isr,20200830,923
isr,20200906,981
isr,20200913,1198
isr,20200920,1419
isr,20200927,1705
isr,20201004,1669
isr,20201011,1424
isr,20201018,932
isr,20201025,658
isr,20201101,444
isr,20201108,390
isr,20201115,384
isr,20201122,414
isr,20201129,426
isr,20201206,625
isr,20201213,721
isr,20201220,952
isr,20201227,1175
isr,20210103,1458
isr,20210110,1901
isr,20210117,1985
isr,20210124,1851
isr,20210131,1614
isr,20210207,1644
isr,20210214,1394
isr,20210221,1166
isr,20210228,1168
isr,20210307,1064
isr,20210314,860
isr,20210321,613
isr,20210328,370
isr,20210404,257
isr,20210411,197
isr,20210418,142
isr,20210425,86
isr,20210502,62
isr,20210509,58
isr,20210516,37
isr,20210523,42
isr,20210530,32
isr,20210606,28
isr,20210613,25
isr,20210620,19
isr,20210627,37
isr,20210704,67
isr,20210711,99
isr,20210718,178
isr,20210725,298
isr,20210801,514
isr,20210808,847
isr,20210815,1189
isr,20210822,1427
isr,20210829,1457
isr,20210905,1375
isr,20210912,1211
isr,20210919,1227
isr,20210926,994
isr,20211003,807
isr,20211010,523
isr,20211017,372
isr,20211024,242
isr,20211031,179
isr,20211107,107
isr,20211114,98
isr,20211121,87
isr,20211128,94
isr,20211205,83
isr,20211212,93
isr,20211219,83
ita,20200301,2266
ita,20200308,7165
ita,20200315,13086
ita,20200322,18445
ita,20200329,15353
ita,20200405,9440
ita,20200412,6512
ita,20200419,4633
ita,20200426,3763
ita,20200503,2329
ita,20200510,1720
ita,20200517,1225
ita,20200524,828
ita,20200531,646
ita,20200607,484
ita,20200614,459
ita,20200621,384
ita,20200628,393
ita,20200705,403
ita,20200712,349
ita,20200719,377
ita,20200726,404
ita,20200802,404
ita,20200809,450
ita,20200816,509
ita,20200823,690
ita,20200830,900
ita,20200906,1063
ita,20200913,1305
ita,20200920,1506
ita,20200927,1661
ita,20201004,2138
ita,20201011,3623
ita,20201018,6471
ita,20201025,10640
ita,20201101,14458
ita,20201108,17451
ita,20201115,17226
ita,20201122,15368
ita,20201129,12486
ita,20201206,10737
ita,20201213,9362
ita,20201220,8738
ita,20201227,8434
ita,20210103,9331
ita,20210110,9484
ita,20210117,8657
ita,20210124,7424
ita,20210131,6859
ita,20210207,6773
ita,20210214,6551
ita,20210221,7018
ita,20210228,8895
ita,20210307,11058
ita,20210314,12741
ita,20210321,13303
ita,20210328,12552
ita,20210404,11908
ita,20210411,9684
ita,20210418,7936
ita,20210425,7172
ita,20210502,6101
ita,20210509,4896
ita,20210516,3591
ita,20210523,2481
ita,20210530,1738
ita,20210606,1318
ita,20210613,992
ita,20210620,655
ita,20210627,510
ita,20210704,450
ita,20210711,525
ita,20210718,746
ita,20210725,1277
ita,20210801,1589
ita,20210808,2021
ita,20210815,2336
ita,20210822,2528
ita,20210829,2617
ita,20210905,2358
ita,20210912,2164
ita,20210919,1854
ita,20210926,1454
ita,20211003,1282
ita,20211010,1083
ita,20211017,1079
ita,20211024,1420
ita,20211031,1697
ita,20211107,1951
ita,20211114,2286
ita,20211121,2735
ita,20211128,3013
ita,20211205,3238
ita,20211212,2701
lie,20211114,4
lie,20211121,3
lie,20211128,8
lie,20211205,11
lie,20211212,14
lux,20200308,5
lux,20200315,8
lux,20200322,42
lux,20200329,112
lux,20200405,84
lux,20200412,40
lux,20200419,18
lux,20200426,7
lux,20200503,1
lux,20200510,1
lux,20200517,1
lux,20200607,1
lux,20200621,2
lux,20200628,1
lux,20200705,10
lux,20200712,20
lux,20200719,16
lux,20200726,26
lux,20200802,20
lux,20200809,19
lux,20200816,9
lux,20200823,9
lux,20200830,6
lux,20200906,5
lux,20200913,7
lux,20200920,6
lux,20200927,12
lux,20201004,15
lux,20201011,21
lux,20201018,25
lux,20201025,69
lux,20201101,128
lux,20201108,96
lux,20201115,100
lux,20201122,103
lux,20201129,99
lux,20201206,85
lux,20201213,110
lux,20201220,92
lux,20201227,74
lux,20210103,40
lux,20210110,35
lux,20210117,24
lux,20210124,20
lux,20210131,35
lux,20210207,26
lux,20210214,49
lux,20210221,47
lux,20210228,62
lux,20210307,72
lux,20210314,65
lux,20210321,72
lux,20210328,83
lux,20210404,73
lux,20210411,62
lux,20210418,48
lux,20210425,50
lux,20210502,51
lux,20210509,38
lux,20210516,22
lux,20210523,6
lux,20210530,11
lux,20210606,5
lux,20210613,7
lux,20210620,1
lux,20210627,3
lux,20210704,2
lux,20210711,11
lux,20210718,18
lux,20210725,15
lux,20210801,10
lux,20210808,7
lux,20210815,12
lux,20210822,15
lux,20210829,31
lux,20210905,21
lux,20210912,15
lux,20210919,15
lux,20210926,8
lux,20211003,10
lux,20211010,14
lux,20211017,9
lux,20211024,19
lux,20211031,27
lux,20211107,26
lux,20211114,24
lux,20211121,31
lux,20211128,42
lux,20211205,48
lux,20211212,45
lva,20200106,0
lva,20200118,0
lva,20200212,0
lva,20200301,0
lva,20200308,3
lva,20200315,6
lva,20200322,16
lva,20200329,28
lva,20200405,27
lva,20200412,24
lva,20200419,18
lva,20200426,14
lva,20200503,9
lva,20200510,10
lva,20200517,10
lva,20200524,8
lva,20200531,4
lva,20200607,3
lva,20200614,3
lva,20200621,4
lva,20200628,2
lva,20200705,1
lva,20200712,1
lva,20200719,1
lva,20200726,1
lva,20200802,2
lva,20200809,5
lva,20200816,2
lva,20200823,5
lva,20200830,4
lva,20200906,5
lva,20200913,6
lva,20200920,7
lva,20200927,6
lva,20201004,25
lva,20201011,48
lva,20201018,51
lva,20201025,121
lva,20201101,192
lva,20201108,212
lva,20201115,275
lva,20201122,321
lva,20201129,473
lva,20201206,499
lva,20201213,636
lva,20201220,737
lva,20201227,784
lva,20210103,824
lva,20210110,918
lva,20210117,792
lva,20210124,732
lva,20210131,693
lva,20210207,630
lva,20210214,559
lva,20210221,486
lva,20210228,479
lva,20210307,508
lva,20210314,367
lva,20210321,410
lva,20210328,510
lva,20210404,422
lva,20210411,421
lva,20210418,427
lva,20210425,474
lva,20210502,451
lva,20210509,449
lva,20210516,450
lva,20210523,353
lva,20210530,263
lva,20210606,204
lva,20210613,180
lva,20210620,130
lva,20210627,87
lva,20210704,48
lva,20210711,47
lva,20210718,40
lva,20210725,24
lva,20210801,33
lva,20210808,44
lva,20210815,46
lva,20210822,43
lva,20210829,137
lva,20210905,139
lva,20210912,214
lva,20210919,282
lva,20210926,336
lva,20211003,458
lva,20211010,662
lva,20211017,955
lva,20211024,1181
lva,20211031,1161
lva,20211107,1142
lva,20211114,793
lva,20211121,596
lva,20211128,524
lva,20211205,434
lva,20211212,301
mlt,20200308,0
mlt,20200315,7
mlt,20200322,4
mlt,20200329,4
mlt,20200405,7
mlt,20200412,14
mlt,20200419,2
mlt,20200426,0
mlt,20200503,1
mlt,20200510,1
mlt,20200517,1
mlt,20200524,4
mlt,20200531,3
mlt,20200607,0
mlt,20200614,1
mlt,20200621,1
mlt,20200628,1
mlt,20200705,0
mlt,20200712,0
mlt,20200719,0
mlt,20200726,0
mlt,20200802,5
mlt,20200809,8
mlt,20200816,12
mlt,20200823,14
mlt,20200830,4
mlt,20200906,18
mlt,20200913,20
mlt,20200920,24
mlt,20200927,16
mlt,20201004,21
mlt,20201011,31
mlt,20201018,46
mlt,20201025,40
mlt,20201101,74
mlt,20201108,75
mlt,20201115,103
mlt,20201122,104
mlt,20201129,87
mlt,20201206,89
mlt,20201213,42
mlt,20201220,34
mlt,20201227,26
mlt,20210103,29
mlt,20210110,39
mlt,20210117,48
mlt,20210124,21
mlt,20210131,26
mlt,20210207,28
mlt,20210214,42
mlt,20210221,40
mlt,20210228,22
mlt,20210307,68
mlt,20210314,67
mlt,20210321,41
mlt,20210328,20
mlt,20210404,32
mlt,20210411,30
mlt,20210418,30
mlt,20210425,13
mlt,20210502,22
mlt,20210509,7
mlt,20210516,4
mlt,20210523,2
mlt,20210530,2
mlt,20210606,1
mlt,20210613,0
mlt,20210620,0
mlt,20210627,0
mlt,20210704,5
mlt,20210711,10
mlt,20210718,17
mlt,20210725,12
mlt,20210801,17
mlt,20210808,26
mlt,20210815,25
mlt,20210822,18
mlt,20210829,15
mlt,20210905,13
mlt,20210912,6
mlt,20210919,7
mlt,20210926,6
mlt,20211003,3
mlt,20211010,3
mlt,20211017,0
mlt,20211024,7
mlt,20211031,4
mlt,20211107,3
mlt,20211114,4
mlt,20211121,6
mlt,20211128,8
mlt,20211205,9
mlt,20211212,10
nld,20200301,31
nld,20200308,107
nld,20200315,494
nld,20200322,1846
nld,20200329,3241
nld,20200405,2275
nld,20200412,1294
nld,20200419,744
nld,20200426,419
nld,20200503,250
nld,20200510,167
nld,20200517,90
nld,20200524,58
nld,20200531,55
nld,20200607,33
nld,20200614,24
nld,20200621,15
nld,20200628,14
nld,20200705,5
nld,20200712,9
nld,20200719,15
nld,20200726,26
nld,20200802,43
nld,20200809,58
nld,20200816,74
nld,20200823,45
nld,20200830,41
nld,20200906,117
nld,20200913,199
nld,20200920,396
nld,20200927,637
nld,20201004,835
nld,20201011,1215
nld,20201018,1601
nld,20201025,1942
nld,20201101,1961
nld,20201108,1677
nld,20201115,1480
nld,20201122,1304
nld,20201129,1119
nld,20201206,1167
nld,20201213,1385
nld,20201220,1713
nld,20201227,1955
nld,20210103,1957
nld,20210110,1679
nld,20210117,1470
nld,20210124,1399
nld,20210131,1275
nld,20210207,1169
nld,20210214,1175
nld,20210221,1179
nld,20210228,1168
nld,20210307,1184
nld,20210314,1304
nld,20210321,1493
nld,20210328,1613
nld,20210404,1706
nld,20210411,1761
nld,20210418,1652
nld,20210425,1810
nld,20210502,1766
nld,20210509,1469
nld,20210516,1230
nld,20210523,922
nld,20210530,553
nld,20210606,403
nld,20210613,241
nld,20210620,170
nld,20210627,94
nld,20210704,55
nld,20210711,91
nld,20210718,273
nld,20210725,568
nld,20210801,572
nld,20210808,436
nld,20210815,461
nld,20210822,424
nld,20210829,422
nld,20210905,421
nld,20210912,376
nld,20210919,309
nld,20210926,238
nld,20211003,274
nld,20211010,342
nld,20211017,466
nld,20211024,683
nld,20211031,1001
nld,20211107,1267
nld,20211114,1562
nld,20211121,1964
nld,20211128,2129
nld,20211205,2057
nld,20211212,1853
nor,20200301,0
nor,20200308,2
nor,20200315,51
nor,20200322,191
nor,20200329,293
nor,20200405,201
nor,20200412,93
nor,20200419,67
nor,20200426,41
nor,20200503,16
nor,20200510,17
nor,20200517,11
nor,20200524,10
nor,20200531,10
nor,20200607,2
nor,20200614,8
nor,20200621,7
nor,20200628,13
nor,20200705,6
nor,20200712,2
nor,20200719,8
nor,20200726,3
nor,20200802,11
nor,20200809,16
nor,20200816,10
nor,20200823,12
nor,20200830,12
nor,20200906,12
nor,20200913,20
nor,20200920,23
nor,20200927,15
nor,20201004,23
nor,20201011,33
nor,20201018,22
nor,20201025,44
nor,20201101,55
nor,20201108,100
nor,20201115,112
nor,20201122,111
nor,20201129,97
nor,20201206,113
nor,20201213,82
nor,20201220,101
nor,20201227,79
nor,20210103,99
nor,20210110,93
nor,20210117,92
nor,20210124,93
nor,20210131,48
nor,20210207,35
nor,20210214,47
nor,20210221,62
nor,20210228,75
nor,20210307,107
nor,20210314,176
nor,20210321,232
nor,20210328,211
nor,20210404,213
nor,20210411,204
nor,20210418,174
nor,20210425,135
nor,20210502,70
nor,20210509,72
nor,20210516,67
nor,20210523,62
nor,20210530,52
nor,20210606,51
nor,20210613,30
nor,20210620,22
nor,20210627,20
nor,20210704,17
nor,20210711,18
nor,20210718,18
nor,20210725,19
nor,20210801,20
nor,20210808,35
nor,20210815,36
nor,20210822,49
nor,20210829,70
nor,20210905,69
nor,20210912,102
nor,20210919,78
nor,20210926,63
nor,20211003,61
nor,20211010,59
nor,20211017,63
nor,20211024,81
nor,20211031,117
nor,20211107,148
nor,20211114,167
nor,20211121,154
nor,20211128,183
nor,20211205,221
nor,20211212,214
prt,20200106,2
prt,20200118,11
prt,20200212,16
prt,20200301,29
prt,20200308,85
prt,20200315,178
prt,20200322,438
prt,20200329,703
prt,20200405,685
prt,20200412,466
prt,20200419,366
prt,20200426,270
prt,20200503,192
prt,20200510,167
prt,20200517,188
prt,20200524,171
prt,20200531,182
prt,20200607,135
prt,20200614,130
prt,20200621,151
prt,20200628,155
prt,20200705,124
prt,20200712,128
prt,20200719,123
prt,20200726,94
prt,20200802,88
prt,20200809,98
prt,20200816,76
prt,20200823,82
prt,20200830,99
prt,20200906,136
prt,20200913,160
prt,20200920,184
prt,20200927,171
prt,20201004,190
prt,20201011,210
prt,20201018,315
prt,20201025,412
prt,20201101,475
prt,20201108,502
prt,20201115,502
prt,20201122,549
prt,20201129,486
prt,20201206,501
prt,20201213,467
prt,20201220,416
prt,20201227,423
prt,20210103,685
prt,20210110,803
prt,20210117,889
prt,20210124,825
prt,20210131,785
prt,20210207,531
prt,20210214,425
prt,20210221,270
prt,20210228,175
prt,20210307,134
prt,20210314,103
prt,20210321,107
prt,20210328,77
prt,20210404,58
prt,20210411,53
prt,20210418,52
prt,20210425,47
prt,20210502,39
prt,20210509,44
prt,20210516,45
prt,20210523,41
prt,20210530,39
prt,20210606,40
prt,20210613,55
prt,20210620,89
prt,20210627,97
prt,20210704,95
prt,20210711,115
prt,20210718,121
prt,20210725,157
prt,20210801,147
prt,20210808,143
prt,20210815,135
prt,20210822,122
prt,20210829,128
prt,20210905,124
prt,20210912,91
prt,20210919,37
prt,20210926,61
prt,20211003,58
prt,20211010,68
prt,20211017,47
prt,20211024,71
prt,20211031,86
prt,20211107,66
prt,20211114,123
prt,20211121,123
prt,20211128,137
prt,20211205,129
prt,20211212,95
svn,20200322,41
svn,20200329,76
svn,20200405,52
svn,20200412,56
svn,20200419,45
svn,20200426,24
svn,20200503,18
svn,20200510,7
svn,20200517,4
svn,20200524,0
svn,20200531,1
svn,20200607,1
svn,20200614,1
svn,20200621,3
svn,20200628,3
svn,20200705,4
svn,20200712,15
svn,20200719,11
svn,20200726,19
svn,20200802,9
svn,20200809,13
svn,20200816,12
svn,20200823,11
svn,20200830,15
svn,20200906,17
svn,20200913,30
svn,20200920,54
svn,20200927,71
svn,20201004,84
svn,20201011,131
svn,20201018,233
svn,20201025,464
svn,20201101,696
svn,20201108,900
svn,20201115,882
svn,20201122,731
svn,20201129,853
svn,20201206,815
svn,20201213,847
svn,20201220,722
svn,20201227,683
svn,20210103,745
svn,20210110,738
svn,20210117,742
svn,20210124,690
svn,20210131,574
svn,20210207,494
svn,20210214,367
svn,20210221,277
svn,20210228,314
svn,20210307,314
svn,20210314,266
svn,20210321,323
svn,20210328,367
svn,20210404,395
svn,20210411,447
svn,20210418,426
svn,20210425,403
svn,20210502,363
svn,20210509,279
svn,20210516,233
svn,20210523,160
svn,20210530,121
svn,20210606,97
svn,20210613,83
svn,20210620,50
svn,20210627,27
svn,20210704,25
svn,20210711,18
svn,20210718,8
svn,20210725,15
svn,20210801,14
svn,20210808,20
svn,20210815,39
svn,20210822,58
svn,20210829,136
svn,20210905,182
svn,20210912,222
svn,20210919,259
svn,20210926,276
svn,20211003,303
svn,20211010,264
svn,20211017,256
svn,20211024,353
svn,20211031,523
svn,20211107,647
svn,20211114,716
svn,20211121,730
svn,20211128,681
svn,20211205,568
svn,20211212,460
usa,20200726,33649
usa,20200802,38563
usa,20200809,33016
usa,20200816,31672
usa,20200823,30417
usa,20200830,29928
usa,20200906,27096
usa,20200913,28404
usa,20200920,24026
usa,20200927,24877
usa,20201004,27606
usa,20201011,33666
usa,20201018,36995
usa,20201025,41400
usa,20201101,47038
usa,20201108,57417
usa,20201115,71646
usa,20201122,82545
usa,20201129,87382
usa,20201206,94877
usa,20201213,101588
usa,20201220,104869
usa,20201227,106216
usa,20210103,112069
usa,20210110,116243
usa,20210117,108767
usa,20210124,94452
usa,20210131,80527
usa,20210207,69310
usa,20210214,55811
usa,20210221,46410
usa,20210228,41679
usa,20210307,35566
usa,20210314,33645
usa,20210321,32999
usa,20210328,34984
usa,20210404,36124
usa,20210411,39199
usa,20210418,39889
usa,20210425,37096
usa,20210502,33736
usa,20210509,30187
usa,20210516,25801
usa,20210523,22858
usa,20210530,19930
usa,20210606,16357
usa,20210613,14824
usa,20210620,13424
usa,20210627,13373
usa,20210704,14577
usa,20210711,17910
usa,20210718,24073
usa,20210725,35063
usa,20210801,50363
usa,20210808,66807
usa,20210815,79727
usa,20210822,86343
usa,20210829,86871
usa,20210905,85528
usa,20210912,80344
usa,20210919,72069
usa,20210926,62290
usa,20211003,53735
usa,20211010,49129
usa,20211017,44461
usa,20211024,39514
usa,20211031,36673
usa,20211107,35721
usa,20211114,38111
usa,20211121,41831
usa,20211128,44937
usa,20211205,51485
usa,20211212,56554
usa,20211219,56590
zaf,20200502,269
zaf,20200509,390
zaf,20200516,462
zaf,20200523,1081
zaf,20200530,1426
zaf,20200606,1991
zaf,20200613,2328
zaf,20200620,3025
zaf,20200627,4344
zaf,20200704,5940
zaf,20200711,7241
zaf,20200718,8256
zaf,20200725,8864
zaf,20200801,8608
zaf,20200808,7342
zaf,20200815,6023
zaf,20200822,4482
zaf,20200829,3720
zaf,20200905,2912
zaf,20200912,2506
zaf,20200919,2271
zaf,20200926,1969
zaf,20201003,1863
zaf,20201010,1700
zaf,20201017,1912
zaf,20201024,1882
zaf,20201031,1998
zaf,20201107,2091
zaf,20201114,2172
zaf,20201121,2512
zaf,20201128,3131
zaf,20201205,3820
zaf,20201212,5022
zaf,20201219,7541
zaf,20201226,10079
zaf,20210102,12863
zaf,20210109,16077
zaf,20210116,16857
zaf,20210123,11889
zaf,20210130,7328
zaf,20210206,5284
zaf,20210213,3922
zaf,20210220,3025
zaf,20210227,2435
zaf,20210306,2133
zaf,20210313,1946
zaf,20210320,1912
zaf,20210327,1758
zaf,20210403,1666
zaf,20210410,1761
zaf,20210417,1971
zaf,20210424,2173
zaf,20210501,2246
zaf,20210508,2577
zaf,20210515,2970
zaf,20210522,3667
zaf,20210529,4418
zaf,20210605,4982
zaf,20210612,6530
zaf,20210619,8083
zaf,20210626,10635
zaf,20210703,12719
zaf,20210710,14728
zaf,20210717,14282
zaf,20210724,13144
zaf,20210731,11520
zaf,20210807,10402
zaf,20210814,9503
zaf,20210821,9835
zaf,20210828,8611
zaf,20210904,6899
zaf,20210911,5513
zaf,20210918,3840
zaf,20210925,2553
zaf,20211002,2049
zaf,20211009,1458
zaf,20211016,1156
zaf,20211023,836
zaf,20211030,608
zaf,20211106,573
zaf,20211113,570
zaf,20211120,707
zaf,20211127,1404
zaf,20211204,3905
zaf,20211211,7173
