geo,time,weekly_icu_admissions_per_million_smoothed
cyp,20200322,
cyp,20200329,
cyp,20200405,
cyp,20200412,
cyp,20200419,
cyp,20200426,
cyp,20200503,
cyp,20200510,
cyp,20200802,
cyp,20200809,
cyp,20200823,
cyp,20200913,
cyp,20200927,
cyp,20201004,
cyp,20201018,
cyp,20201025,
cyp,20201101,
cyp,20201108,
cyp,20201115,
cyp,20201122,
cyp,20201129,
cyp,20201206,
cyp,20201213,
cyp,20201220,
cyp,20201227,
cyp,20210103,
cyp,20210110,
cyp,20210117,
cyp,20210124,
cyp,20210131,
cyp,20210207,
cyp,20210214,
cyp,20210221,
cyp,20210228,
cyp,20210307,
cyp,20210314,
cyp,20210321,
cyp,20210328,
cyp,20210404,
cyp,20210411,
cyp,20210418,
cyp,20210425,
cyp,20210502,
cyp,20210509,
cyp,20210516,
cyp,20210523,
cyp,20210530,
cyp,20210606,
cyp,20210613,
cyp,20210620,
cyp,20210627,
cyp,20210704,
cyp,20210711,
cyp,20210718,
cyp,20210725,
cyp,20210801,
cyp,20210808,
cyp,20210815,
cyp,20210822,
cyp,20210829,
cyp,20210905,
cyp,20210912,
cyp,20210919,
cyp,20210926,
cyp,20211003,
cyp,20211010,
cyp,20211017,
cyp,20211024,
cyp,20211031,
cyp,20211107,
cyp,20211114,
cyp,20211121,
cyp,20211128,
cyp,20211205,
cyp,20211212,
cyp,20211219,
cyp,20211226,
cyp,20220102,
cze,20200307,
cze,20200308,
cze,20200309,
cze,20200310,
cze,20200311,
cze,20200312,
cze,20200313,
cze,20200314,
cze,20200315,
cze,20200316,
cze,20200317,
cze,20200318,
cze,20200319,
cze,20200320,
cze,20200321,
cze,20200322,
cze,20200323,
cze,20200324,
cze,20200325,
cze,20200326,
cze,20200327,
cze,20200328,
cze,20200329,
cze,20200330,
cze,20200331,
cze,20200401,
cze,20200402,
cze,20200403,
cze,20200404,
cze,20200405,
cze,20200406,
cze,20200407,
cze,20200408,
cze,20200409,
cze,20200410,
cze,20200411,
cze,20200412,
cze,20200413,
cze,20200414,
cze,20200415,
cze,20200416,
cze,20200417,
cze,20200418,
cze,20200419,
cze,20200420,
cze,20200421,
cze,20200422,
cze,20200423,
cze,20200424,
cze,20200425,
cze,20200426,
cze,20200427,
cze,20200428,
cze,20200429,
cze,20200430,
cze,20200501,
cze,20200502,
cze,20200503,
cze,20200504,
cze,20200505,
cze,20200506,
cze,20200507,
cze,20200508,
cze,20200509,
cze,20200510,
cze,20200511,
cze,20200512,
cze,20200513,
cze,20200514,
cze,20200515,
cze,20200516,
cze,20200517,
cze,20200518,
cze,20200519,
cze,20200520,
cze,20200521,
cze,20200522,
cze,20200523,
cze,20200524,
cze,20200525,
cze,20200526,
cze,20200527,
cze,20200528,
cze,20200529,
cze,20200530,
cze,20200531,
cze,20200601,
cze,20200602,
cze,20200603,
cze,20200604,
cze,20200605,
cze,20200606,
cze,20200607,
cze,20200608,
cze,20200609,
cze,20200610,
cze,20200611,
cze,20200612,
cze,20200613,
cze,20200614,
cze,20200615,
cze,20200616,
cze,20200617,
cze,20200618,
cze,20200619,
cze,20200620,
cze,20200621,
cze,20200622,
cze,20200623,
cze,20200624,
cze,20200625,
cze,20200626,
cze,20200627,
cze,20200628,
cze,20200629,
cze,20200630,
cze,20200701,
cze,20200702,
cze,20200703,
cze,20200704,
cze,20200705,
cze,20200706,
cze,20200707,
cze,20200708,
cze,20200709,
cze,20200710,
cze,20200711,
cze,20200712,
cze,20200713,
cze,20200714,
cze,20200715,
cze,20200716,
cze,20200717,
cze,20200718,
cze,20200719,
cze,20200720,
cze,20200721,
cze,20200722,
cze,20200723,
cze,20200724,
cze,20200725,
cze,20200726,
cze,20200727,
cze,20200728,
cze,20200729,
cze,20200730,
cze,20200731,
cze,20200801,
cze,20200802,
cze,20200803,
cze,20200804,
cze,20200805,
cze,20200806,
cze,20200807,
cze,20200808,
cze,20200809,
cze,20200810,
cze,20200811,
cze,20200812,
cze,20200813,
cze,20200814,
cze,20200815,
cze,20200816,
cze,20200817,
cze,20200818,
cze,20200819,
cze,20200820,
cze,20200821,
cze,20200822,
cze,20200823,
cze,20200824,
cze,20200825,
cze,20200826,
cze,20200827,
cze,20200828,
cze,20200829,
cze,20200830,
cze,20200831,
cze,20200901,
cze,20200902,
cze,20200903,
cze,20200904,
cze,20200905,
cze,20200906,
cze,20200907,
cze,20200908,
cze,20200909,
cze,20200910,
cze,20200911,
cze,20200912,
cze,20200913,
cze,20200914,
cze,20200915,
cze,20200916,
cze,20200917,
cze,20200918,
cze,20200919,
cze,20200920,
cze,20200921,
cze,20200922,
cze,20200923,
cze,20200924,
cze,20200925,
cze,20200926,
cze,20200927,
cze,20200928,
cze,20200929,
cze,20200930,
cze,20201001,
cze,20201002,
cze,20201003,
cze,20201004,
cze,20201005,
cze,20201006,
cze,20201007,
cze,20201008,
cze,20201009,
cze,20201010,
cze,20201011,
cze,20201012,
cze,20201013,
cze,20201014,
cze,20201015,
cze,20201016,
cze,20201017,
cze,20201018,
cze,20201019,
cze,20201020,
cze,20201021,
cze,20201022,
cze,20201023,
cze,20201024,
cze,20201025,
cze,20201026,
cze,20201027,
cze,20201028,
cze,20201029,
cze,20201030,
cze,20201031,
cze,20201101,
cze,20201102,
cze,20201103,
cze,20201104,
cze,20201105,
cze,20201106,
cze,20201107,
cze,20201108,
cze,20201109,
cze,20201110,
cze,20201111,
cze,20201112,
cze,20201113,
cze,20201114,
cze,20201115,
cze,20201116,
cze,20201117,
cze,20201118,
cze,20201119,
cze,20201120,
cze,20201121,
cze,20201122,
cze,20201123,
cze,20201124,
cze,20201125,
cze,20201126,
cze,20201127,
cze,20201128,
cze,20201129,
cze,20201130,
cze,20201201,
cze,20201202,
cze,20201203,
cze,20201204,
cze,20201205,
cze,20201206,
cze,20201207,
cze,20201208,
cze,20201209,
cze,20201210,
cze,20201211,
cze,20201212,
cze,20201213,
cze,20201214,
cze,20201215,
cze,20201216,
cze,20201217,
cze,20201218,
cze,20201219,
cze,20201220,
cze,20201221,
cze,20201222,
cze,20201223,
cze,20201224,
cze,20201225,
cze,20201226,
cze,20201227,
cze,20201228,
cze,20201229,
cze,20201230,
cze,20201231,
cze,20210101,
cze,20210102,
cze,20210103,
cze,20210104,
cze,20210105,
cze,20210106,
cze,20210107,
cze,20210108,
cze,20210109,
cze,20210110,
cze,20210111,
cze,20210112,
cze,20210113,
cze,20210114,
cze,20210115,
cze,20210116,
cze,20210117,
cze,20210118,
cze,20210119,
cze,20210120,
cze,20210121,
cze,20210122,
cze,20210123,
cze,20210124,
cze,20210125,
cze,20210126,
cze,20210127,
cze,20210128,
cze,20210129,
cze,20210130,
cze,20210131,
cze,20210201,
cze,20210202,
cze,20210203,
cze,20210204,
cze,20210205,
cze,20210206,
cze,20210207,
cze,20210208,
cze,20210209,
cze,20210210,
cze,20210211,
cze,20210212,
cze,20210213,
cze,20210214,
cze,20210215,
cze,20210216,
cze,20210217,
cze,20210218,
cze,20210219,
cze,20210220,
cze,20210221,
cze,20210222,
cze,20210223,
cze,20210224,
cze,20210225,
cze,20210226,
cze,20210227,
cze,20210228,
cze,20210301,
cze,20210302,
cze,20210303,
cze,20210304,
cze,20210305,
cze,20210306,
cze,20210307,
cze,20210308,
cze,20210309,
cze,20210310,
cze,20210311,
cze,20210312,
cze,20210313,
cze,20210314,
cze,20210315,
cze,20210316,
cze,20210317,
cze,20210318,
cze,20210319,
cze,20210320,
cze,20210321,
cze,20210322,
cze,20210323,
cze,20210324,
cze,20210325,
cze,20210326,
cze,20210327,
cze,20210328,
cze,20210329,
cze,20210330,
cze,20210331,
cze,20210401,
cze,20210402,
cze,20210403,
cze,20210404,
cze,20210405,
cze,20210406,
cze,20210407,
cze,20210408,
cze,20210409,
cze,20210410,
cze,20210411,
cze,20210412,
cze,20210413,
cze,20210414,
cze,20210415,
cze,20210416,
cze,20210417,
cze,20210418,
cze,20210419,
cze,20210420,
cze,20210421,
cze,20210422,
cze,20210423,
cze,20210424,
cze,20210425,
cze,20210426,
cze,20210427,
cze,20210428,
cze,20210429,
cze,20210430,
cze,20210501,
cze,20210502,
cze,20210503,
cze,20210504,
cze,20210505,
cze,20210506,
cze,20210507,
cze,20210508,
cze,20210509,
cze,20210510,
cze,20210511,
cze,20210512,
cze,20210513,
cze,20210514,
cze,20210515,
cze,20210516,
cze,20210517,
cze,20210518,
cze,20210519,
cze,20210520,
cze,20210521,
cze,20210522,
cze,20210523,
cze,20210524,
cze,20210525,
cze,20210526,
cze,20210527,
cze,20210528,
cze,20210529,
cze,20210530,
cze,20210531,
cze,20210601,
cze,20210602,
cze,20210603,
cze,20210604,
cze,20210605,
cze,20210606,
cze,20210607,
cze,20210608,
cze,20210609,
cze,20210610,
cze,20210611,
cze,20210612,
cze,20210613,
cze,20210614,
cze,20210615,
cze,20210616,
cze,20210617,
cze,20210618,
cze,20210619,
cze,20210620,
cze,20210621,
cze,20210622,
cze,20210623,
cze,20210624,
cze,20210625,
cze,20210626,
cze,20210627,
cze,20210628,
cze,20210629,
cze,20210630,
cze,20210701,
cze,20210702,
cze,20210703,
cze,20210704,
cze,20210705,
cze,20210706,
cze,20210707,
cze,20210708,
cze,20210709,
cze,20210710,
cze,20210711,
cze,20210712,
cze,20210713,
cze,20210714,
cze,20210715,
cze,20210716,
cze,20210717,
cze,20210718,
cze,20210719,
cze,20210720,
cze,20210721,
cze,20210722,
cze,20210723,
cze,20210724,
cze,20210725,
cze,20210726,
cze,20210727,
cze,20210728,
cze,20210729,
cze,20210730,
cze,20210731,
cze,20210801,
cze,20210802,
cze,20210803,
cze,20210804,
cze,20210805,
cze,20210806,
cze,20210807,
cze,20210808,
cze,20210809,
cze,20210810,
cze,20210811,
cze,20210812,
cze,20210813,
cze,20210814,
cze,20210815,
cze,20210816,
cze,20210817,
cze,20210818,
cze,20210819,
cze,20210820,
cze,20210821,
cze,20210822,
cze,20210823,
cze,20210824,
cze,20210825,
cze,20210826,
cze,20210827,
cze,20210828,
cze,20210829,
cze,20210830,
cze,20210831,
cze,20210901,
cze,20210902,
cze,20210903,
cze,20210904,
cze,20210905,
cze,20210906,
cze,20210907,
cze,20210908,
cze,20210909,
cze,20210910,
cze,20210911,
cze,20210912,
cze,20210913,
cze,20210914,
cze,20210915,
cze,20210916,
cze,20210917,
cze,20210918,
cze,20210919,
cze,20210920,
cze,20210921,
cze,20210922,
cze,20210923,
cze,20210924,
cze,20210925,
cze,20210926,
cze,20210927,
cze,20210928,
cze,20210929,
cze,20210930,
cze,20211001,
cze,20211002,
cze,20211003,
cze,20211004,
cze,20211005,
cze,20211006,
cze,20211007,
cze,20211008,
cze,20211009,
cze,20211010,
cze,20211011,
cze,20211012,
cze,20211013,
cze,20211014,
cze,20211015,
cze,20211016,
cze,20211017,
cze,20211018,
cze,20211019,
cze,20211020,
cze,20211021,
cze,20211022,
cze,20211023,
cze,20211024,
cze,20211025,
cze,20211026,
cze,20211027,
cze,20211028,
cze,20211029,
cze,20211030,
cze,20211031,
cze,20211101,
cze,20211102,
cze,20211103,
cze,20211104,
cze,20211105,
cze,20211106,
cze,20211107,
cze,20211108,
cze,20211109,
cze,20211110,
cze,20211111,
cze,20211112,
cze,20211113,
cze,20211114,
cze,20211115,
cze,20211116,
cze,20211117,
cze,20211118,
cze,20211119,
cze,20211120,
cze,20211121,
cze,20211122,
cze,20211123,
cze,20211124,
cze,20211125,
cze,20211126,
cze,20211127,
cze,20211128,
cze,20211129,
cze,20211130,
cze,20211201,
cze,20211202,
cze,20211203,
cze,20211204,
cze,20211205,
cze,20211206,
cze,20211207,
cze,20211208,
cze,20211209,
cze,20211210,
cze,20211211,
cze,20211212,
cze,20211213,
cze,20211214,
cze,20211215,
cze,20211216,
cze,20211217,
cze,20211218,
cze,20211219,
cze,20211220,
cze,20211221,
cze,20211222,
cze,20211223,
cze,20211224,
cze,20211225,
cze,20211226,
cze,20211227,
cze,20211228,
cze,20211229,
cze,20211230,
cze,20211231,
cze,20220101,
cze,20220102,
cze,20220103,
cze,20220104,
cze,20220105,
cze,20220106,
cze,20220107,
cze,20220108,
deu,20210804,
deu,20210805,
deu,20210806,
deu,20210807,
deu,20210808,
deu,20210809,
deu,20210810,
deu,20210811,
deu,20210812,
deu,20210813,
deu,20210814,
deu,20210815,
deu,20210816,
deu,20210817,
deu,20210818,
deu,20210819,
deu,20210820,
deu,20210821,
deu,20210822,
deu,20210823,
deu,20210824,
deu,20210825,
deu,20210826,
deu,20210827,
deu,20210828,
deu,20210829,
deu,20210830,
deu,20210831,
deu,20210901,
deu,20210902,
deu,20210903,
deu,20210904,
deu,20210905,
deu,20210906,
deu,20210907,
deu,20210908,
deu,20210909,
deu,20210910,
deu,20210911,
deu,20210912,
deu,20210913,
deu,20210914,
deu,20210915,
deu,20210916,
deu,20210917,
deu,20210918,
deu,20210919,
deu,20210920,
deu,20210921,
deu,20210922,
deu,20210923,
deu,20210924,
deu,20210925,
deu,20210926,
deu,20210927,
deu,20210928,
deu,20210929,
deu,20210930,
deu,20211001,
deu,20211002,
deu,20211003,
deu,20211004,
deu,20211005,
deu,20211006,
deu,20211007,
deu,20211008,
deu,20211009,
deu,20211010,
deu,20211011,
deu,20211012,
deu,20211013,
deu,20211014,
deu,20211015,
deu,20211016,
deu,20211017,
deu,20211018,
deu,20211019,
deu,20211020,
deu,20211021,
deu,20211022,
deu,20211023,
deu,20211024,
deu,20211025,
deu,20211026,
deu,20211027,
deu,20211028,
deu,20211029,
deu,20211030,
deu,20211031,
deu,20211101,
deu,20211102,
deu,20211103,
deu,20211104,
deu,20211105,
deu,20211106,
deu,20211107,
deu,20211108,
deu,20211109,
deu,20211110,
deu,20211111,
deu,20211112,
deu,20211113,
deu,20211114,
deu,20211115,
deu,20211116,
deu,20211117,
deu,20211118,
deu,20211119,
deu,20211120,
deu,20211121,
deu,20211122,
deu,20211123,
deu,20211124,
deu,20211125,
deu,20211126,
deu,20211127,
deu,20211128,
deu,20211129,
deu,20211130,
deu,20211201,
deu,20211202,
deu,20211203,
deu,20211204,
deu,20211205,
deu,20211206,
deu,20211207,
deu,20211208,
deu,20211209,
deu,20211210,
deu,20211211,
deu,20211212,
deu,20211213,
deu,20211214,
deu,20211215,
deu,20211216,
deu,20211217,
deu,20211218,
deu,20211219,
deu,20211220,
deu,20211221,
deu,20211222,
deu,20211223,
deu,20211224,
deu,20211225,
deu,20211226,
deu,20211227,
deu,20211228,
deu,20211229,
deu,20211230,
deu,20211231,
deu,20220101,
deu,20220102,
deu,20220103,
deu,20220104,
deu,20220105,
deu,20220106,
deu,20220107,
deu,20220108,
deu,20220109,
deu,20220110,
deu,20220111,
esp,20200807,
esp,20200808,
esp,20200809,
esp,20200810,
esp,20200811,
esp,20200812,
esp,20200813,
esp,20200814,
esp,20200815,
esp,20200816,
esp,20200817,
esp,20200818,
esp,20200819,
esp,20200820,
esp,20200821,
esp,20200822,
esp,20200823,
esp,20200824,
esp,20200825,
esp,20200826,
esp,20200827,
esp,20200828,
esp,20200829,
esp,20200830,
esp,20200831,
esp,20200901,
esp,20200902,
esp,20200903,
esp,20200904,
esp,20200905,
esp,20200906,
esp,20200907,
esp,20200908,
esp,20200909,
esp,20200910,
esp,20200911,
esp,20200912,
esp,20200913,
esp,20200914,
esp,20200915,
esp,20200916,
esp,20200917,
esp,20200918,
esp,20200919,
esp,20200920,
esp,20200921,
esp,20200922,
esp,20200923,
esp,20200924,
esp,20200925,
esp,20200926,
esp,20200927,
esp,20200928,
esp,20200929,
esp,20200930,
esp,20201001,
esp,20201002,
esp,20201003,
esp,20201004,
esp,20201005,
esp,20201006,
esp,20201007,
esp,20201008,
esp,20201009,
esp,20201010,
esp,20201011,
esp,20201012,
esp,20201013,
esp,20201014,
esp,20201015,
esp,20201016,
esp,20201017,
esp,20201018,
esp,20201019,
esp,20201020,
esp,20201021,
esp,20201022,
esp,20201023,
esp,20201024,
esp,20201025,
esp,20201026,
esp,20201027,
esp,20201028,
esp,20201029,
esp,20201030,
esp,20201031,
esp,20201101,
esp,20201102,
esp,20201103,
esp,20201104,
esp,20201105,
esp,20201106,
esp,20201107,
esp,20201108,
esp,20201109,
esp,20201110,
esp,20201111,
esp,20201112,
esp,20201113,
esp,20201114,
esp,20201115,
esp,20201116,
esp,20201117,
esp,20201118,
esp,20201119,
esp,20201120,
esp,20201121,
esp,20201122,
esp,20201123,
esp,20201124,
esp,20201125,
esp,20201126,
esp,20201127,
esp,20201128,
esp,20201129,
esp,20201130,
esp,20201201,
esp,20201202,
esp,20201203,
esp,20201204,
esp,20201205,
esp,20201206,
esp,20201207,
esp,20201208,
esp,20201209,
esp,20201210,
esp,20201211,
esp,20201212,
esp,20201213,
esp,20201214,
esp,20201215,
esp,20201216,
esp,20201217,
esp,20201218,
esp,20201219,
esp,20201220,
esp,20201221,
esp,20201222,
esp,20201223,
esp,20201224,
esp,20201225,
esp,20201226,
esp,20201227,
esp,20201228,
esp,20201229,
esp,20201230,
esp,20201231,
esp,20210101,
esp,20210102,
esp,20210103,
esp,20210104,
esp,20210105,
esp,20210106,
esp,20210107,
esp,20210108,
esp,20210109,
esp,20210110,
esp,20210111,
esp,20210112,
esp,20210113,
esp,20210114,
esp,20210115,
esp,20210116,
esp,20210117,
esp,20210118,
esp,20210119,
esp,20210120,
esp,20210121,
esp,20210122,
esp,20210123,
esp,20210124,
esp,20210125,
esp,20210126,
esp,20210127,
esp,20210128,
esp,20210129,
esp,20210130,
esp,20210131,
esp,20210201,
esp,20210202,
esp,20210203,
esp,20210204,
esp,20210205,
esp,20210206,
esp,20210207,
esp,20210208,
esp,20210209,
esp,20210210,
esp,20210211,
esp,20210212,
esp,20210213,
esp,20210214,
esp,20210215,
esp,20210216,
esp,20210217,
esp,20210218,
esp,20210219,
esp,20210220,
esp,20210221,
esp,20210222,
esp,20210223,
esp,20210224,
esp,20210225,
esp,20210226,
esp,20210227,
esp,20210228,
esp,20210301,
esp,20210302,
esp,20210303,
esp,20210304,
esp,20210305,
esp,20210306,
esp,20210307,
esp,20210308,
esp,20210309,
esp,20210310,
esp,20210311,
esp,20210312,
esp,20210313,
esp,20210314,
esp,20210315,
esp,20210316,
esp,20210317,
esp,20210318,
esp,20210319,
esp,20210320,
esp,20210321,
esp,20210322,
esp,20210323,
esp,20210324,
esp,20210325,
esp,20210326,
esp,20210327,
esp,20210328,
esp,20210329,
esp,20210330,
esp,20210331,
esp,20210401,
esp,20210402,
esp,20210403,
esp,20210404,
esp,20210405,
esp,20210406,
esp,20210407,
esp,20210408,
esp,20210409,
esp,20210410,
esp,20210411,
esp,20210412,
esp,20210413,
esp,20210414,
esp,20210415,
esp,20210416,
esp,20210417,
esp,20210418,
esp,20210419,
esp,20210420,
esp,20210421,
esp,20210422,
esp,20210423,
esp,20210424,
esp,20210425,
esp,20210426,
esp,20210427,
esp,20210428,
esp,20210429,
esp,20210430,
esp,20210501,
esp,20210502,
esp,20210503,
esp,20210504,
esp,20210505,
esp,20210506,
esp,20210507,
esp,20210508,
esp,20210509,
esp,20210510,
esp,20210511,
esp,20210512,
esp,20210513,
esp,20210514,
esp,20210515,
esp,20210516,
esp,20210517,
esp,20210518,
esp,20210519,
esp,20210520,
esp,20210521,
esp,20210522,
esp,20210523,
esp,20210524,
esp,20210525,
esp,20210526,
esp,20210527,
esp,20210528,
esp,20210529,
esp,20210530,
esp,20210531,
esp,20210601,
esp,20210602,
esp,20210603,
esp,20210604,
esp,20210605,
esp,20210606,
esp,20210607,
esp,20210608,
esp,20210609,
esp,20210610,
esp,20210611,
esp,20210612,
esp,20210613,
esp,20210614,
esp,20210615,
esp,20210616,
esp,20210617,
esp,20210618,
esp,20210619,
esp,20210620,
esp,20210621,
esp,20210622,
esp,20210623,
esp,20210624,
esp,20210625,
esp,20210626,
esp,20210627,
esp,20210628,
esp,20210629,
esp,20210630,
esp,20210701,
esp,20210702,
esp,20210703,
esp,20210704,
esp,20210705,
esp,20210706,
esp,20210707,
esp,20210708,
esp,20210709,
esp,20210710,
esp,20210711,
esp,20210712,
esp,20210713,
esp,20210714,
esp,20210715,
esp,20210716,
esp,20210717,
esp,20210718,
esp,20210719,
esp,20210720,
esp,20210721,
esp,20210722,
esp,20210723,
esp,20210724,
esp,20210725,
esp,20210726,
esp,20210727,
esp,20210728,
esp,20210729,
esp,20210730,
esp,20210731,
esp,20210801,
esp,20210802,
esp,20210803,
esp,20210804,
esp,20210805,
esp,20210806,
esp,20210807,
esp,20210808,
esp,20210809,
esp,20210810,
esp,20210811,
esp,20210812,
esp,20210813,
esp,20210814,
esp,20210815,
esp,20210816,
esp,20210817,
esp,20210818,
esp,20210819,
esp,20210820,
esp,20210821,
esp,20210822,
esp,20210823,
esp,20210824,
esp,20210825,
esp,20210826,
esp,20210827,
esp,20210828,
esp,20210829,
esp,20210830,
esp,20210831,
esp,20210901,
esp,20210902,
esp,20210903,
esp,20210904,
esp,20210905,
esp,20210906,
esp,20210907,
esp,20210908,
esp,20210909,
esp,20210910,
esp,20210911,
esp,20210912,
esp,20210913,
esp,20210914,
esp,20210915,
esp,20210916,
esp,20210917,
esp,20210918,
esp,20210919,
esp,20210920,
esp,20210921,
esp,20210922,
esp,20210923,
esp,20210924,
esp,20210925,
esp,20210926,
esp,20210927,
esp,20210928,
esp,20210929,
esp,20210930,
esp,20211001,
esp,20211002,
esp,20211003,
esp,20211004,
esp,20211005,
esp,20211006,
esp,20211007,
esp,20211008,
esp,20211009,
esp,20211010,
esp,20211011,
esp,20211012,
esp,20211013,
esp,20211014,
esp,20211015,
esp,20211016,
esp,20211017,
esp,20211018,
esp,20211019,
esp,20211020,
esp,20211021,
esp,20211022,
esp,20211023,
esp,20211024,
esp,20211025,
esp,20211026,
esp,20211027,
esp,20211028,
esp,20211029,
esp,20211030,
esp,20211031,
esp,20211101,
esp,20211102,
esp,20211103,
esp,20211104,
esp,20211105,
esp,20211106,
esp,20211107,
esp,20211108,
esp,20211109,
esp,20211110,
esp,20211111,
esp,20211112,
esp,20211113,
esp,20211114,
esp,20211115,
esp,20211116,
esp,20211117,
esp,20211118,
esp,20211119,
esp,20211120,
esp,20211121,
esp,20211122,
esp,20211123,
esp,20211124,
esp,20211125,
esp,20211126,
esp,20211127,
esp,20211128,
esp,20211129,
esp,20211130,
esp,20211201,
esp,20211202,
esp,20211203,
esp,20211204,
esp,20211205,
esp,20211206,
esp,20211207,
esp,20211208,
esp,20211209,
esp,20211210,
esp,20211211,
esp,20211212,
esp,20211213,
esp,20211214,
esp,20211215,
esp,20211216,
esp,20211217,
esp,20211218,
esp,20211219,
esp,20211220,
esp,20211221,
esp,20211222,
esp,20211223,
esp,20211224,
esp,20211225,
esp,20211226,
esp,20211227,
esp,20211228,
esp,20211229,
esp,20211230,
esp,20211231,
esp,20220101,
esp,20220102,
esp,20220103,
esp,20220104,
esp,20220105,
esp,20220106,
esp,20220107,
esp,20220108,
esp,20220109,
esp,20220110,
esp,20220111,
est,20200329,
est,20200426,
est,20200503,
est,20200510,
est,20200517,
est,20200524,
est,20200531,
est,20200607,
est,20200614,
est,20200628,
est,20200705,
est,20200712,
est,20200719,
est,20200726,
est,20200802,
est,20200809,
est,20200816,
est,20200823,
est,20200830,
est,20200906,
est,20200913,
est,20200920,
est,20200927,
est,20201004,
est,20201011,
est,20201018,
est,20201025,
est,20201101,
est,20201108,
est,20201115,
est,20201122,
est,20201129,
est,20201206,
est,20201213,
est,20201220,
est,20201227,
est,20210103,
est,20210110,
est,20210117,
est,20210124,
est,20210131,
est,20210207,
est,20210214,
est,20210221,
est,20210228,
est,20210307,
est,20210314,
est,20210321,
est,20210328,
est,20210411,
est,20210418,
est,20210425,
est,20210502,
est,20210509,
est,20210516,
est,20210523,
est,20210530,
est,20210606,
est,20210613,
est,20210620,
est,20210627,
est,20210704,
est,20210711,
est,20210718,
est,20210725,
est,20210801,
est,20210808,
est,20210815,
est,20210822,
est,20210829,
est,20210905,
est,20210912,
est,20210919,
est,20210926,
est,20211003,
est,20211010,
est,20211017,
est,20211024,
est,20211031,
est,20211114,
est,20211121,
est,20211128,
est,20211205,
est,20211212,
est,20211219,
est,20211226,
est,20220102,
fra,20200325,
fra,20200326,
fra,20200327,
fra,20200328,
fra,20200329,
fra,20200330,
fra,20200331,
fra,20200401,
fra,20200402,
fra,20200403,
fra,20200404,
fra,20200405,
fra,20200406,
fra,20200407,
fra,20200408,
fra,20200409,
fra,20200410,
fra,20200411,
fra,20200412,
fra,20200413,
fra,20200414,
fra,20200415,
fra,20200416,
fra,20200417,
fra,20200418,
fra,20200419,
fra,20200420,
fra,20200421,
fra,20200422,
fra,20200423,
fra,20200424,
fra,20200425,
fra,20200426,
fra,20200427,
fra,20200428,
fra,20200429,
fra,20200430,
fra,20200501,
fra,20200502,
fra,20200503,
fra,20200504,
fra,20200505,
fra,20200506,
fra,20200507,
fra,20200508,
fra,20200509,
fra,20200510,
fra,20200511,
fra,20200512,
fra,20200513,
fra,20200514,
fra,20200515,
fra,20200516,
fra,20200517,
fra,20200518,
fra,20200519,
fra,20200520,
fra,20200521,
fra,20200522,
fra,20200523,
fra,20200524,
fra,20200525,
fra,20200526,
fra,20200527,
fra,20200528,
fra,20200529,
fra,20200530,
fra,20200531,
fra,20200601,
fra,20200602,
fra,20200603,
fra,20200604,
fra,20200605,
fra,20200606,
fra,20200607,
fra,20200608,
fra,20200609,
fra,20200610,
fra,20200611,
fra,20200612,
fra,20200613,
fra,20200614,
fra,20200615,
fra,20200616,
fra,20200617,
fra,20200618,
fra,20200619,
fra,20200620,
fra,20200621,
fra,20200622,
fra,20200623,
fra,20200624,
fra,20200625,
fra,20200626,
fra,20200627,
fra,20200628,
fra,20200629,
fra,20200630,
fra,20200701,
fra,20200702,
fra,20200703,
fra,20200704,
fra,20200705,
fra,20200706,
fra,20200707,
fra,20200708,
fra,20200709,
fra,20200710,
fra,20200711,
fra,20200712,
fra,20200713,
fra,20200714,
fra,20200715,
fra,20200716,
fra,20200717,
fra,20200718,
fra,20200719,
fra,20200720,
fra,20200721,
fra,20200722,
fra,20200723,
fra,20200724,
fra,20200725,
fra,20200726,
fra,20200727,
fra,20200728,
fra,20200729,
fra,20200730,
fra,20200731,
fra,20200801,
fra,20200802,
fra,20200803,
fra,20200804,
fra,20200805,
fra,20200806,
fra,20200807,
fra,20200808,
fra,20200809,
fra,20200810,
fra,20200811,
fra,20200812,
fra,20200813,
fra,20200814,
fra,20200815,
fra,20200816,
fra,20200817,
fra,20200818,
fra,20200819,
fra,20200820,
fra,20200821,
fra,20200822,
fra,20200823,
fra,20200824,
fra,20200825,
fra,20200826,
fra,20200827,
fra,20200828,
fra,20200829,
fra,20200830,
fra,20200831,
fra,20200901,
fra,20200902,
fra,20200903,
fra,20200904,
fra,20200905,
fra,20200906,
fra,20200907,
fra,20200908,
fra,20200909,
fra,20200910,
fra,20200911,
fra,20200912,
fra,20200913,
fra,20200914,
fra,20200915,
fra,20200916,
fra,20200917,
fra,20200918,
fra,20200919,
fra,20200920,
fra,20200921,
fra,20200922,
fra,20200923,
fra,20200924,
fra,20200925,
fra,20200926,
fra,20200927,
fra,20200928,
fra,20200929,
fra,20200930,
fra,20201001,
fra,20201002,
fra,20201003,
fra,20201004,
fra,20201005,
fra,20201006,
fra,20201007,
fra,20201008,
fra,20201009,
fra,20201010,
fra,20201011,
fra,20201012,
fra,20201013,
fra,20201014,
fra,20201015,
fra,20201016,
fra,20201017,
fra,20201018,
fra,20201019,
fra,20201020,
fra,20201021,
fra,20201022,
fra,20201023,
fra,20201024,
fra,20201025,
fra,20201026,
fra,20201027,
fra,20201028,
fra,20201029,
fra,20201030,
fra,20201031,
fra,20201101,
fra,20201102,
fra,20201103,
fra,20201104,
fra,20201105,
fra,20201106,
fra,20201107,
fra,20201108,
fra,20201109,
fra,20201110,
fra,20201111,
fra,20201112,
fra,20201113,
fra,20201114,
fra,20201115,
fra,20201116,
fra,20201117,
fra,20201118,
fra,20201119,
fra,20201120,
fra,20201121,
fra,20201122,
fra,20201123,
fra,20201124,
fra,20201125,
fra,20201126,
fra,20201127,
fra,20201128,
fra,20201129,
fra,20201130,
fra,20201201,
fra,20201202,
fra,20201203,
fra,20201204,
fra,20201205,
fra,20201206,
fra,20201207,
fra,20201208,
fra,20201209,
fra,20201210,
fra,20201211,
fra,20201212,
fra,20201213,
fra,20201214,
fra,20201215,
fra,20201216,
fra,20201217,
fra,20201218,
fra,20201219,
fra,20201220,
fra,20201221,
fra,20201222,
fra,20201223,
fra,20201224,
fra,20201225,
fra,20201226,
fra,20201227,
fra,20201228,
fra,20201229,
fra,20201230,
fra,20201231,
fra,20210101,
fra,20210102,
fra,20210103,
fra,20210104,
fra,20210105,
fra,20210106,
fra,20210107,
fra,20210108,
fra,20210109,
fra,20210110,
fra,20210111,
fra,20210112,
fra,20210113,
fra,20210114,
fra,20210115,
fra,20210116,
fra,20210117,
fra,20210118,
fra,20210119,
fra,20210120,
fra,20210121,
fra,20210122,
fra,20210123,
fra,20210124,
fra,20210125,
fra,20210126,
fra,20210127,
fra,20210128,
fra,20210129,
fra,20210130,
fra,20210131,
fra,20210201,
fra,20210202,
fra,20210203,
fra,20210204,
fra,20210205,
fra,20210206,
fra,20210207,
fra,20210208,
fra,20210209,
fra,20210210,
fra,20210211,
fra,20210212,
fra,20210213,
fra,20210214,
fra,20210215,
fra,20210216,
fra,20210217,
fra,20210218,
fra,20210219,
fra,20210220,
fra,20210221,
fra,20210222,
fra,20210223,
fra,20210224,
fra,20210225,
fra,20210226,
fra,20210227,
fra,20210228,
fra,20210301,
fra,20210302,
fra,20210303,
fra,20210304,
fra,20210305,
fra,20210306,
fra,20210307,
fra,20210308,
fra,20210309,
fra,20210310,
fra,20210311,
fra,20210312,
fra,20210313,
fra,20210314,
fra,20210315,
fra,20210316,
fra,20210317,
fra,20210318,
fra,20210319,
fra,20210320,
fra,20210321,
fra,20210322,
fra,20210323,
fra,20210324,
fra,20210325,
fra,20210326,
fra,20210327,
fra,20210328,
fra,20210329,
fra,20210330,
fra,20210331,
fra,20210401,
fra,20210402,
fra,20210403,
fra,20210404,
fra,20210405,
fra,20210406,
fra,20210407,
fra,20210408,
fra,20210409,
fra,20210410,
fra,20210411,
fra,20210412,
fra,20210413,
fra,20210414,
fra,20210415,
fra,20210416,
fra,20210417,
fra,20210418,
fra,20210419,
fra,20210420,
fra,20210421,
fra,20210422,
fra,20210423,
fra,20210424,
fra,20210425,
fra,20210426,
fra,20210427,
fra,20210428,
fra,20210429,
fra,20210430,
fra,20210501,
fra,20210502,
fra,20210503,
fra,20210504,
fra,20210505,
fra,20210506,
fra,20210507,
fra,20210508,
fra,20210509,
fra,20210510,
fra,20210511,
fra,20210512,
fra,20210513,
fra,20210514,
fra,20210515,
fra,20210516,
fra,20210517,
fra,20210518,
fra,20210519,
fra,20210520,
fra,20210521,
fra,20210522,
fra,20210523,
fra,20210524,
fra,20210525,
fra,20210526,
fra,20210527,
fra,20210528,
fra,20210529,
fra,20210530,
fra,20210531,
fra,20210601,
fra,20210602,
fra,20210603,
fra,20210604,
fra,20210605,
fra,20210606,
fra,20210607,
fra,20210608,
fra,20210609,
fra,20210610,
fra,20210611,
fra,20210612,
fra,20210613,
fra,20210614,
fra,20210615,
fra,20210616,
fra,20210617,
fra,20210618,
fra,20210619,
fra,20210620,
fra,20210621,
fra,20210622,
fra,20210623,
fra,20210624,
fra,20210625,
fra,20210626,
fra,20210627,
fra,20210628,
fra,20210629,
fra,20210630,
fra,20210701,
fra,20210702,
fra,20210703,
fra,20210704,
fra,20210705,
fra,20210706,
fra,20210707,
fra,20210708,
fra,20210709,
fra,20210710,
fra,20210711,
fra,20210712,
fra,20210713,
fra,20210714,
fra,20210715,
fra,20210716,
fra,20210717,
fra,20210718,
fra,20210719,
fra,20210720,
fra,20210721,
fra,20210722,
fra,20210723,
fra,20210724,
fra,20210725,
fra,20210726,
fra,20210727,
fra,20210728,
fra,20210729,
fra,20210730,
fra,20210731,
fra,20210801,
fra,20210802,
fra,20210803,
fra,20210804,
fra,20210805,
fra,20210806,
fra,20210807,
fra,20210808,
fra,20210809,
fra,20210810,
fra,20210811,
fra,20210812,
fra,20210813,
fra,20210814,
fra,20210815,
fra,20210816,
fra,20210817,
fra,20210818,
fra,20210819,
fra,20210820,
fra,20210821,
fra,20210822,
fra,20210823,
fra,20210824,
fra,20210825,
fra,20210826,
fra,20210827,
fra,20210828,
fra,20210829,
fra,20210830,
fra,20210831,
fra,20210901,
fra,20210902,
fra,20210903,
fra,20210904,
fra,20210905,
fra,20210906,
fra,20210907,
fra,20210908,
fra,20210909,
fra,20210910,
fra,20210911,
fra,20210912,
fra,20210913,
fra,20210914,
fra,20210915,
fra,20210916,
fra,20210917,
fra,20210918,
fra,20210919,
fra,20210920,
fra,20210921,
fra,20210922,
fra,20210923,
fra,20210924,
fra,20210925,
fra,20210926,
fra,20210927,
fra,20210928,
fra,20210929,
fra,20210930,
fra,20211001,
fra,20211002,
fra,20211003,
fra,20211004,
fra,20211005,
fra,20211006,
fra,20211007,
fra,20211008,
fra,20211009,
fra,20211010,
fra,20211011,
fra,20211012,
fra,20211013,
fra,20211014,
fra,20211015,
fra,20211016,
fra,20211017,
fra,20211018,
fra,20211019,
fra,20211020,
fra,20211021,
fra,20211022,
fra,20211023,
fra,20211024,
fra,20211025,
fra,20211026,
fra,20211027,
fra,20211028,
fra,20211029,
fra,20211030,
fra,20211031,
fra,20211101,
fra,20211102,
fra,20211103,
fra,20211104,
fra,20211105,
fra,20211106,
fra,20211107,
fra,20211108,
fra,20211109,
fra,20211110,
fra,20211111,
fra,20211112,
fra,20211113,
fra,20211114,
fra,20211115,
fra,20211116,
fra,20211117,
fra,20211118,
fra,20211119,
fra,20211120,
fra,20211121,
fra,20211122,
fra,20211123,
fra,20211124,
fra,20211125,
fra,20211126,
fra,20211127,
fra,20211128,
fra,20211129,
fra,20211130,
fra,20211201,
fra,20211202,
fra,20211203,
fra,20211204,
fra,20211205,
fra,20211206,
fra,20211207,
fra,20211208,
fra,20211209,
fra,20211210,
fra,20211211,
fra,20211212,
fra,20211213,
fra,20211214,
fra,20211215,
fra,20211216,
fra,20211217,
fra,20211218,
fra,20211219,
fra,20211220,
fra,20211221,
fra,20211222,
fra,20211223,
fra,20211224,
fra,20211225,
fra,20211226,
fra,20211227,
fra,20211228,
fra,20211229,
fra,20211230,
fra,20211231,
fra,20220101,
fra,20220102,
fra,20220103,
fra,20220104,
fra,20220105,
fra,20220106,
fra,20220107,
fra,20220108,
fra,20220109,
fra,20220110,
fra,20220111,
fra,20220112,
grc,20200106,
grc,20200118,
grc,20200212,
grc,20200301,
grc,20200308,
grc,20200315,
grc,20200322,
grc,20200329,
grc,20200405,
grc,20200412,
grc,20200419,
grc,20200426,
grc,20200503,
grc,20200510,
grc,20200517,
grc,20200524,
grc,20200531,
grc,20200607,
grc,20200614,
grc,20200621,
grc,20200628,
grc,20200705,
grc,20200712,
grc,20200719,
grc,20200726,
grc,20200802,
grc,20200809,
grc,20200816,
grc,20200823,
grc,20200830,
grc,20200906,
grc,20200913,
grc,20200920,
grc,20200927,
grc,20201004,
grc,20201011,
grc,20201018,
grc,20201025,
grc,20201101,
grc,20201108,
grc,20201115,
grc,20201122,
grc,20201129,
grc,20201206,
grc,20201213,
grc,20201220,
grc,20201227,
grc,20210103,
grc,20210110,
grc,20210117,
grc,20210124,
grc,20210131,
grc,20210207,
grc,20210214,
grc,20210221,
grc,20210228,
grc,20210307,
grc,20210314,
grc,20210321,
grc,20210328,
grc,20210404,
grc,20210411,
grc,20210418,
grc,20210425,
grc,20210502,
grc,20210509,
grc,20210516,
grc,20210523,
grc,20210530,
grc,20210606,
grc,20210613,
grc,20210620,
grc,20210627,
grc,20210704,
grc,20210711,
grc,20210718,
grc,20210725,
grc,20210801,
grc,20210808,
grc,20210815,
grc,20210822,
grc,20210829,
grc,20210905,
grc,20210912,
grc,20210919,
grc,20210926,
grc,20211003,
grc,20211010,
grc,20211017,
grc,20211024,
grc,20211031,
grc,20211107,
grc,20211114,
grc,20211121,
grc,20211128,
grc,20211205,
grc,20211212,
grc,20211219,
grc,20211226,
grc,20220102,
irl,20200412,
irl,20200419,
irl,20200426,
irl,20200517,
irl,20200524,
irl,20200531,
irl,20200607,
irl,20200621,
irl,20200628,
irl,20200705,
irl,20200712,
irl,20200719,
irl,20200726,
irl,20200802,
irl,20200809,
irl,20200816,
irl,20200823,
irl,20200830,
irl,20200906,
irl,20200913,
irl,20200920,
irl,20200927,
irl,20201004,
irl,20201011,
irl,20201018,
irl,20201025,
irl,20201101,
irl,20201108,
irl,20201115,
irl,20201122,
irl,20201129,
irl,20201206,
irl,20201213,
irl,20201220,
irl,20201227,
irl,20210103,
irl,20210110,
irl,20210117,
irl,20210124,
irl,20210131,
irl,20210207,
irl,20210214,
irl,20210221,
irl,20210228,
irl,20210307,
irl,20210314,
irl,20210321,
irl,20210328,
irl,20210404,
irl,20210411,
irl,20210418,
irl,20210425,
irl,20210502,
irl,20210509,
irl,20210516,
irl,20210523,
irl,20210530,
irl,20210606,
irl,20210613,
irl,20210620,
irl,20210627,
irl,20210704,
irl,20210711,
irl,20210718,
irl,20210725,
irl,20210801,
irl,20210808,
irl,20210815,
irl,20210822,
irl,20210829,
irl,20210905,
irl,20210912,
irl,20210919,
irl,20210926,
irl,20211003,
irl,20211010,
irl,20211017,
irl,20211024,
irl,20211031,
irl,20211107,
irl,20211114,
irl,20211121,
irl,20211128,
irl,20211205,
irl,20211212,
irl,20211219,
irl,20211226,
irl,20220102,
isl,20210228,
isl,20210307,
isl,20210314,
isl,20210321,
isl,20210328,
isl,20210404,
isl,20210411,
isl,20210418,
isl,20210425,
isl,20210502,
isl,20210509,
isl,20210516,
isl,20210523,
isl,20210530,
isl,20210606,
isl,20210613,
isl,20210620,
isl,20210627,
isl,20210704,
isl,20210711,
isl,20210718,
isl,20210725,
isl,20210801,
isl,20210808,
isl,20210815,
isl,20210822,
isl,20210829,
isl,20210905,
isl,20210912,
isl,20210919,
isl,20210926,
isl,20211003,
isl,20211010,
isl,20211024,
isl,20211031,
isl,20211107,
isl,20211114,
isl,20211121,
isl,20211219,
isr,20200308,
isr,20200309,
isr,20200310,
isr,20200311,
isr,20200312,
isr,20200313,
isr,20200314,
isr,20200315,
isr,20200316,
isr,20200317,
isr,20200318,
isr,20200319,
isr,20200320,
isr,20200321,
isr,20200322,
isr,20200323,
isr,20200324,
isr,20200325,
isr,20200326,
isr,20200327,
isr,20200328,
isr,20200329,
isr,20200330,
isr,20200331,
isr,20200401,
isr,20200402,
isr,20200403,
isr,20200404,
isr,20200405,
isr,20200406,
isr,20200407,
isr,20200408,
isr,20200409,
isr,20200410,
isr,20200411,
isr,20200412,
isr,20200413,
isr,20200414,
isr,20200415,
isr,20200416,
isr,20200417,
isr,20200418,
isr,20200419,
isr,20200420,
isr,20200421,
isr,20200422,
isr,20200423,
isr,20200424,
isr,20200425,
isr,20200426,
isr,20200427,
isr,20200428,
isr,20200429,
isr,20200430,
isr,20200501,
isr,20200502,
isr,20200503,
isr,20200504,
isr,20200505,
isr,20200506,
isr,20200507,
isr,20200508,
isr,20200509,
isr,20200510,
isr,20200511,
isr,20200512,
isr,20200513,
isr,20200514,
isr,20200515,
isr,20200516,
isr,20200517,
isr,20200518,
isr,20200519,
isr,20200520,
isr,20200521,
isr,20200522,
isr,20200523,
isr,20200524,
isr,20200525,
isr,20200526,
isr,20200527,
isr,20200528,
isr,20200529,
isr,20200530,
isr,20200531,
isr,20200601,
isr,20200602,
isr,20200603,
isr,20200604,
isr,20200605,
isr,20200606,
isr,20200607,
isr,20200608,
isr,20200609,
isr,20200610,
isr,20200611,
isr,20200612,
isr,20200613,
isr,20200614,
isr,20200615,
isr,20200616,
isr,20200617,
isr,20200618,
isr,20200619,
isr,20200620,
isr,20200621,
isr,20200622,
isr,20200623,
isr,20200624,
isr,20200625,
isr,20200626,
isr,20200627,
isr,20200628,
isr,20200629,
isr,20200630,
isr,20200701,
isr,20200702,
isr,20200703,
isr,20200704,
isr,20200705,
isr,20200706,
isr,20200707,
isr,20200708,
isr,20200709,
isr,20200710,
isr,20200711,
isr,20200712,
isr,20200713,
isr,20200714,
isr,20200715,
isr,20200716,
isr,20200717,
isr,20200718,
isr,20200719,
isr,20200720,
isr,20200721,
isr,20200722,
isr,20200723,
isr,20200724,
isr,20200725,
isr,20200726,
isr,20200727,
isr,20200728,
isr,20200729,
isr,20200730,
isr,20200731,
isr,20200801,
isr,20200802,
isr,20200803,
isr,20200804,
isr,20200805,
isr,20200806,
isr,20200807,
isr,20200808,
isr,20200809,
isr,20200810,
isr,20200811,
isr,20200812,
isr,20200813,
isr,20200814,
isr,20200815,
isr,20200816,
isr,20200817,
isr,20200818,
isr,20200819,
isr,20200820,
isr,20200821,
isr,20200822,
isr,20200823,
isr,20200824,
isr,20200825,
isr,20200826,
isr,20200827,
isr,20200828,
isr,20200829,
isr,20200830,
isr,20200831,
isr,20200901,
isr,20200902,
isr,20200903,
isr,20200904,
isr,20200905,
isr,20200906,
isr,20200907,
isr,20200908,
isr,20200909,
isr,20200910,
isr,20200911,
isr,20200912,
isr,20200913,
isr,20200914,
isr,20200915,
isr,20200916,
isr,20200917,
isr,20200918,
isr,20200919,
isr,20200920,
isr,20200921,
isr,20200922,
isr,20200923,
isr,20200924,
isr,20200925,
isr,20200926,
isr,20200927,
isr,20200928,
isr,20200929,
isr,20200930,
isr,20201001,
isr,20201002,
isr,20201003,
isr,20201004,
isr,20201005,
isr,20201006,
isr,20201007,
isr,20201008,
isr,20201009,
isr,20201010,
isr,20201011,
isr,20201012,
isr,20201013,
isr,20201014,
isr,20201015,
isr,20201016,
isr,20201017,
isr,20201018,
isr,20201019,
isr,20201020,
isr,20201021,
isr,20201022,
isr,20201023,
isr,20201024,
isr,20201025,
isr,20201026,
isr,20201027,
isr,20201028,
isr,20201029,
isr,20201030,
isr,20201031,
isr,20201101,
isr,20201102,
isr,20201103,
isr,20201104,
isr,20201105,
isr,20201106,
isr,20201107,
isr,20201108,
isr,20201109,
isr,20201110,
isr,20201111,
isr,20201112,
isr,20201113,
isr,20201114,
isr,20201115,
isr,20201116,
isr,20201117,
isr,20201118,
isr,20201119,
isr,20201120,
isr,20201121,
isr,20201122,
isr,20201123,
isr,20201124,
isr,20201125,
isr,20201126,
isr,20201127,
isr,20201128,
isr,20201129,
isr,20201130,
isr,20201201,
isr,20201202,
isr,20201203,
isr,20201204,
isr,20201205,
isr,20201206,
isr,20201207,
isr,20201208,
isr,20201209,
isr,20201210,
isr,20201211,
isr,20201212,
isr,20201213,
isr,20201214,
isr,20201215,
isr,20201216,
isr,20201217,
isr,20201218,
isr,20201219,
isr,20201220,
isr,20201221,
isr,20201222,
isr,20201223,
isr,20201224,
isr,20201225,
isr,20201226,
isr,20201227,
isr,20201228,
isr,20201229,
isr,20201230,
isr,20201231,
isr,20210101,
isr,20210102,
isr,20210103,
isr,20210104,
isr,20210105,
isr,20210106,
isr,20210107,
isr,20210108,
isr,20210109,
isr,20210110,
isr,20210111,
isr,20210112,
isr,20210113,
isr,20210114,
isr,20210115,
isr,20210116,
isr,20210117,
isr,20210118,
isr,20210119,
isr,20210120,
isr,20210121,
isr,20210122,
isr,20210123,
isr,20210124,
isr,20210125,
isr,20210126,
isr,20210127,
isr,20210128,
isr,20210129,
isr,20210130,
isr,20210131,
isr,20210201,
isr,20210202,
isr,20210203,
isr,20210204,
isr,20210205,
isr,20210206,
isr,20210207,
isr,20210208,
isr,20210209,
isr,20210210,
isr,20210211,
isr,20210212,
isr,20210213,
isr,20210214,
isr,20210215,
isr,20210216,
isr,20210217,
isr,20210218,
isr,20210219,
isr,20210220,
isr,20210221,
isr,20210222,
isr,20210223,
isr,20210224,
isr,20210225,
isr,20210226,
isr,20210227,
isr,20210228,
isr,20210301,
isr,20210302,
isr,20210303,
isr,20210304,
isr,20210305,
isr,20210306,
isr,20210307,
isr,20210308,
isr,20210309,
isr,20210310,
isr,20210311,
isr,20210312,
isr,20210313,
isr,20210314,
isr,20210315,
isr,20210316,
isr,20210317,
isr,20210318,
isr,20210319,
isr,20210320,
isr,20210321,
isr,20210322,
isr,20210323,
isr,20210324,
isr,20210325,
isr,20210326,
isr,20210327,
isr,20210328,
isr,20210329,
isr,20210330,
isr,20210331,
isr,20210401,
isr,20210402,
isr,20210403,
isr,20210404,
isr,20210405,
isr,20210406,
isr,20210407,
isr,20210408,
isr,20210409,
isr,20210410,
isr,20210411,
isr,20210412,
isr,20210413,
isr,20210414,
isr,20210415,
isr,20210416,
isr,20210417,
isr,20210418,
isr,20210419,
isr,20210420,
isr,20210421,
isr,20210422,
isr,20210423,
isr,20210424,
isr,20210425,
isr,20210426,
isr,20210427,
isr,20210428,
isr,20210429,
isr,20210430,
isr,20210501,
isr,20210502,
isr,20210503,
isr,20210504,
isr,20210505,
isr,20210506,
isr,20210507,
isr,20210508,
isr,20210509,
isr,20210510,
isr,20210511,
isr,20210512,
isr,20210513,
isr,20210514,
isr,20210515,
isr,20210516,
isr,20210517,
isr,20210518,
isr,20210519,
isr,20210520,
isr,20210521,
isr,20210522,
isr,20210523,
isr,20210524,
isr,20210525,
isr,20210526,
isr,20210527,
isr,20210528,
isr,20210529,
isr,20210530,
isr,20210531,
isr,20210601,
isr,20210602,
isr,20210603,
isr,20210604,
isr,20210605,
isr,20210606,
isr,20210607,
isr,20210608,
isr,20210609,
isr,20210610,
isr,20210611,
isr,20210612,
isr,20210613,
isr,20210614,
isr,20210615,
isr,20210616,
isr,20210617,
isr,20210618,
isr,20210619,
isr,20210620,
isr,20210621,
isr,20210622,
isr,20210623,
isr,20210624,
isr,20210625,
isr,20210626,
isr,20210627,
isr,20210628,
isr,20210629,
isr,20210630,
isr,20210701,
isr,20210702,
isr,20210703,
isr,20210704,
isr,20210705,
isr,20210706,
isr,20210707,
isr,20210708,
isr,20210709,
isr,20210710,
isr,20210711,
isr,20210712,
isr,20210713,
isr,20210714,
isr,20210715,
isr,20210716,
isr,20210717,
isr,20210718,
isr,20210719,
isr,20210720,
isr,20210721,
isr,20210722,
isr,20210723,
isr,20210724,
isr,20210725,
isr,20210726,
isr,20210727,
isr,20210728,
isr,20210729,
isr,20210730,
isr,20210731,
isr,20210801,
isr,20210802,
isr,20210803,
isr,20210804,
isr,20210805,
isr,20210806,
isr,20210807,
isr,20210808,
isr,20210809,
isr,20210810,
isr,20210811,
isr,20210812,
isr,20210813,
isr,20210814,
isr,20210815,
isr,20210816,
isr,20210817,
isr,20210818,
isr,20210819,
isr,20210820,
isr,20210821,
isr,20210822,
isr,20210823,
isr,20210824,
isr,20210825,
isr,20210826,
isr,20210827,
isr,20210828,
isr,20210829,
isr,20210830,
isr,20210831,
isr,20210901,
isr,20210902,
isr,20210903,
isr,20210904,
isr,20210905,
isr,20210906,
isr,20210907,
isr,20210908,
isr,20210909,
isr,20210910,
isr,20210911,
isr,20210912,
isr,20210913,
isr,20210914,
isr,20210915,
isr,20210916,
isr,20210917,
isr,20210918,
isr,20210919,
isr,20210920,
isr,20210921,
isr,20210922,
isr,20210923,
isr,20210924,
isr,20210925,
isr,20210926,
isr,20210927,
isr,20210928,
isr,20210929,
isr,20210930,
isr,20211001,
isr,20211002,
isr,20211003,
isr,20211004,
isr,20211005,
isr,20211006,
isr,20211007,
isr,20211008,
isr,20211009,
isr,20211010,
isr,20211011,
isr,20211012,
isr,20211013,
isr,20211014,
isr,20211015,
isr,20211016,
isr,20211017,
isr,20211018,
isr,20211019,
isr,20211020,
isr,20211021,
isr,20211022,
isr,20211023,
isr,20211024,
isr,20211025,
isr,20211026,
isr,20211027,
isr,20211028,
isr,20211029,
isr,20211030,
isr,20211031,
isr,20211101,
isr,20211102,
isr,20211103,
isr,20211104,
isr,20211105,
isr,20211106,
isr,20211107,
isr,20211108,
isr,20211109,
isr,20211110,
isr,20211111,
isr,20211112,
isr,20211113,
isr,20211114,
isr,20211115,
isr,20211116,
isr,20211117,
isr,20211118,
isr,20211119,
isr,20211120,
isr,20211121,
isr,20211122,
isr,20211123,
isr,20211124,
isr,20211125,
isr,20211126,
isr,20211127,
isr,20211128,
isr,20211129,
isr,20211130,
isr,20211201,
isr,20211202,
isr,20211203,
isr,20211204,
isr,20211205,
isr,20211206,
isr,20211207,
isr,20211208,
isr,20211209,
isr,20211210,
isr,20211211,
isr,20211212,
isr,20211213,
isr,20211214,
isr,20211215,
isr,20211216,
isr,20211217,
isr,20211218,
isr,20211219,
isr,20211220,
isr,20211221,
isr,20211222,
isr,20211223,
isr,20211224,
isr,20211225,
isr,20211226,
isr,20211227,
isr,20211228,
isr,20211229,
isr,20211230,
isr,20211231,
isr,20220101,
isr,20220102,
isr,20220103,
isr,20220104,
isr,20220105,
isr,20220106,
isr,20220107,
isr,20220108,
isr,20220109,
isr,20220110,
isr,20220111,
isr,20220112,
ita,20201209,
ita,20201210,
ita,20201211,
ita,20201212,
ita,20201213,
ita,20201214,
ita,20201215,
ita,20201216,
ita,20201217,
ita,20201218,
ita,20201219,
ita,20201220,
ita,20201221,
ita,20201222,
ita,20201223,
ita,20201224,
ita,20201225,
ita,20201226,
ita,20201227,
ita,20201228,
ita,20201229,
ita,20201230,
ita,20201231,
ita,20210101,
ita,20210102,
ita,20210103,
ita,20210104,
ita,20210105,
ita,20210106,
ita,20210107,
ita,20210108,
ita,20210109,
ita,20210110,
ita,20210111,
ita,20210112,
ita,20210113,
ita,20210114,
ita,20210115,
ita,20210116,
ita,20210117,
ita,20210118,
ita,20210119,
ita,20210120,
ita,20210121,
ita,20210122,
ita,20210123,
ita,20210124,
ita,20210125,
ita,20210126,
ita,20210127,
ita,20210128,
ita,20210129,
ita,20210130,
ita,20210131,
ita,20210201,
ita,20210202,
ita,20210203,
ita,20210204,
ita,20210205,
ita,20210206,
ita,20210207,
ita,20210208,
ita,20210209,
ita,20210210,
ita,20210211,
ita,20210212,
ita,20210213,
ita,20210214,
ita,20210215,
ita,20210216,
ita,20210217,
ita,20210218,
ita,20210219,
ita,20210220,
ita,20210221,
ita,20210222,
ita,20210223,
ita,20210224,
ita,20210225,
ita,20210226,
ita,20210227,
ita,20210228,
ita,20210301,
ita,20210302,
ita,20210303,
ita,20210304,
ita,20210305,
ita,20210306,
ita,20210307,
ita,20210308,
ita,20210309,
ita,20210310,
ita,20210311,
ita,20210312,
ita,20210313,
ita,20210314,
ita,20210315,
ita,20210316,
ita,20210317,
ita,20210318,
ita,20210319,
ita,20210320,
ita,20210321,
ita,20210322,
ita,20210323,
ita,20210324,
ita,20210325,
ita,20210326,
ita,20210327,
ita,20210328,
ita,20210329,
ita,20210330,
ita,20210331,
ita,20210401,
ita,20210402,
ita,20210403,
ita,20210404,
ita,20210405,
ita,20210406,
ita,20210407,
ita,20210408,
ita,20210409,
ita,20210410,
ita,20210411,
ita,20210412,
ita,20210413,
ita,20210414,
ita,20210415,
ita,20210416,
ita,20210417,
ita,20210418,
ita,20210419,
ita,20210420,
ita,20210421,
ita,20210422,
ita,20210423,
ita,20210424,
ita,20210425,
ita,20210426,
ita,20210427,
ita,20210428,
ita,20210429,
ita,20210430,
ita,20210501,
ita,20210502,
ita,20210503,
ita,20210504,
ita,20210505,
ita,20210506,
ita,20210507,
ita,20210508,
ita,20210509,
ita,20210510,
ita,20210511,
ita,20210512,
ita,20210513,
ita,20210514,
ita,20210515,
ita,20210516,
ita,20210517,
ita,20210518,
ita,20210519,
ita,20210520,
ita,20210521,
ita,20210522,
ita,20210523,
ita,20210524,
ita,20210525,
ita,20210526,
ita,20210527,
ita,20210528,
ita,20210529,
ita,20210530,
ita,20210531,
ita,20210601,
ita,20210602,
ita,20210603,
ita,20210604,
ita,20210605,
ita,20210606,
ita,20210607,
ita,20210608,
ita,20210609,
ita,20210610,
ita,20210611,
ita,20210612,
ita,20210613,
ita,20210614,
ita,20210615,
ita,20210616,
ita,20210617,
ita,20210618,
ita,20210619,
ita,20210620,
ita,20210621,
ita,20210622,
ita,20210623,
ita,20210624,
ita,20210625,
ita,20210626,
ita,20210627,
ita,20210628,
ita,20210629,
ita,20210630,
ita,20210701,
ita,20210702,
ita,20210703,
ita,20210704,
ita,20210705,
ita,20210706,
ita,20210707,
ita,20210708,
ita,20210709,
ita,20210710,
ita,20210711,
ita,20210712,
ita,20210713,
ita,20210714,
ita,20210715,
ita,20210716,
ita,20210717,
ita,20210718,
ita,20210719,
ita,20210720,
ita,20210721,
ita,20210722,
ita,20210723,
ita,20210724,
ita,20210725,
ita,20210726,
ita,20210727,
ita,20210728,
ita,20210729,
ita,20210730,
ita,20210731,
ita,20210801,
ita,20210802,
ita,20210803,
ita,20210804,
ita,20210805,
ita,20210806,
ita,20210807,
ita,20210808,
ita,20210809,
ita,20210810,
ita,20210811,
ita,20210812,
ita,20210813,
ita,20210814,
ita,20210815,
ita,20210816,
ita,20210817,
ita,20210818,
ita,20210819,
ita,20210820,
ita,20210821,
ita,20210822,
ita,20210823,
ita,20210824,
ita,20210825,
ita,20210826,
ita,20210827,
ita,20210828,
ita,20210829,
ita,20210830,
ita,20210831,
ita,20210901,
ita,20210902,
ita,20210903,
ita,20210904,
ita,20210905,
ita,20210906,
ita,20210907,
ita,20210908,
ita,20210909,
ita,20210910,
ita,20210911,
ita,20210912,
ita,20210913,
ita,20210914,
ita,20210915,
ita,20210916,
ita,20210917,
ita,20210918,
ita,20210919,
ita,20210920,
ita,20210921,
ita,20210922,
ita,20210923,
ita,20210924,
ita,20210925,
ita,20210926,
ita,20210927,
ita,20210928,
ita,20210929,
ita,20210930,
ita,20211001,
ita,20211002,
ita,20211003,
ita,20211004,
ita,20211005,
ita,20211006,
ita,20211007,
ita,20211008,
ita,20211009,
ita,20211010,
ita,20211011,
ita,20211012,
ita,20211013,
ita,20211014,
ita,20211015,
ita,20211016,
ita,20211017,
ita,20211018,
ita,20211019,
ita,20211020,
ita,20211021,
ita,20211022,
ita,20211023,
ita,20211024,
ita,20211025,
ita,20211026,
ita,20211027,
ita,20211028,
ita,20211029,
ita,20211030,
ita,20211031,
ita,20211101,
ita,20211102,
ita,20211103,
ita,20211104,
ita,20211105,
ita,20211106,
ita,20211107,
ita,20211108,
ita,20211109,
ita,20211110,
ita,20211111,
ita,20211112,
ita,20211113,
ita,20211114,
ita,20211115,
ita,20211116,
ita,20211117,
ita,20211118,
ita,20211119,
ita,20211120,
ita,20211121,
ita,20211122,
ita,20211123,
ita,20211124,
ita,20211125,
ita,20211126,
ita,20211127,
ita,20211128,
ita,20211129,
ita,20211130,
ita,20211201,
ita,20211202,
ita,20211203,
ita,20211204,
ita,20211205,
ita,20211206,
ita,20211207,
ita,20211208,
ita,20211209,
ita,20211210,
ita,20211211,
ita,20211212,
ita,20211213,
ita,20211214,
ita,20211215,
ita,20211216,
ita,20211217,
ita,20211218,
ita,20211219,
ita,20211220,
ita,20211221,
ita,20211222,
ita,20211223,
ita,20211224,
ita,20211225,
ita,20211226,
ita,20211227,
ita,20211228,
ita,20211229,
ita,20211230,
ita,20211231,
ita,20220101,
ita,20220102,
ita,20220103,
ita,20220104,
ita,20220105,
ita,20220106,
ita,20220107,
ita,20220108,
ita,20220109,
ita,20220110,
ita,20220111,
ita,20220112,
lva,20200106,
lva,20200118,
lva,20200212,
lva,20200301,
lva,20200308,
lva,20200315,
lva,20200322,
lva,20200329,
lva,20200405,
lva,20200412,
lva,20200419,
lva,20200426,
lva,20200503,
lva,20200510,
lva,20200517,
lva,20200524,
lva,20200531,
lva,20200607,
lva,20200614,
lva,20200621,
lva,20200628,
lva,20200705,
lva,20200712,
lva,20200719,
lva,20200726,
lva,20200802,
lva,20200809,
lva,20200816,
lva,20200823,
lva,20200830,
lva,20200906,
lva,20200913,
lva,20200920,
lva,20200927,
lva,20201004,
lva,20201011,
lva,20201018,
lva,20201025,
lva,20201101,
lva,20201108,
lva,20201115,
lva,20201122,
lva,20201129,
lva,20201206,
lva,20201213,
lva,20201220,
lva,20201227,
lva,20210103,
lva,20210110,
lva,20210117,
lva,20210124,
lva,20210131,
lva,20210207,
lva,20210214,
lva,20210221,
lva,20210228,
lva,20210307,
lva,20210314,
lva,20210321,
lva,20210328,
lva,20210404,
lva,20210411,
lva,20210418,
lva,20210425,
lva,20210502,
lva,20210509,
lva,20210516,
lva,20210523,
lva,20210530,
lva,20210606,
lva,20210613,
lva,20210620,
lva,20210627,
lva,20210704,
lva,20210711,
lva,20210718,
lva,20210725,
lva,20210801,
lva,20210808,
lva,20210815,
lva,20210822,
lva,20210829,
lva,20210905,
lva,20210912,
lva,20210919,
lva,20210926,
lva,20211003,
lva,20211010,
lva,20211017,
lva,20211024,
lva,20211031,
lva,20211107,
lva,20211114,
lva,20211121,
lva,20211128,
lva,20211205,
lva,20211212,
lva,20211219,
lva,20211226,
lva,20220102,
mlt,20200920,
mlt,20200927,
mlt,20201004,
mlt,20201011,
mlt,20201018,
mlt,20201025,
mlt,20201101,
mlt,20201108,
mlt,20201115,
mlt,20201122,
mlt,20201129,
mlt,20201206,
mlt,20201213,
mlt,20201220,
mlt,20201227,
mlt,20210103,
mlt,20210110,
mlt,20210117,
mlt,20210124,
mlt,20210131,
mlt,20210207,
mlt,20210214,
mlt,20210221,
mlt,20210228,
mlt,20210307,
mlt,20210314,
mlt,20210321,
mlt,20210328,
mlt,20210411,
mlt,20210425,
mlt,20210502,
mlt,20210509,
mlt,20210516,
mlt,20210704,
mlt,20210711,
mlt,20210801,
mlt,20210808,
mlt,20210815,
mlt,20210822,
mlt,20210829,
mlt,20210905,
mlt,20210912,
mlt,20210919,
mlt,20210926,
mlt,20211010,
mlt,20211024,
mlt,20211114,
mlt,20211121,
mlt,20211205,
mlt,20211212,
mlt,20211219,
mlt,20211226,
mlt,20220102,
nld,20201023,
nld,20201024,
nld,20201025,
nld,20201026,
nld,20201027,
nld,20201028,
nld,20201029,
nld,20201030,
nld,20201031,
nld,20201101,
nld,20201102,
nld,20201103,
nld,20201104,
nld,20201105,
nld,20201106,
nld,20201107,
nld,20201108,
nld,20201109,
nld,20201110,
nld,20201111,
nld,20201112,
nld,20201113,
nld,20201114,
nld,20201115,
nld,20201116,
nld,20201117,
nld,20201118,
nld,20201119,
nld,20201120,
nld,20201121,
nld,20201122,
nld,20201123,
nld,20201124,
nld,20201125,
nld,20201126,
nld,20201127,
nld,20201128,
nld,20201129,
nld,20201130,
nld,20201201,
nld,20201202,
nld,20201203,
nld,20201204,
nld,20201205,
nld,20201206,
nld,20201207,
nld,20201208,
nld,20201209,
nld,20201210,
nld,20201211,
nld,20201212,
nld,20201213,
nld,20201214,
nld,20201215,
nld,20201216,
nld,20201217,
nld,20201218,
nld,20201219,
nld,20201220,
nld,20201221,
nld,20201222,
nld,20201223,
nld,20201224,
nld,20201225,
nld,20201226,
nld,20201227,
nld,20201228,
nld,20201229,
nld,20201230,
nld,20201231,
nld,20210101,
nld,20210102,
nld,20210103,
nld,20210104,
nld,20210105,
nld,20210106,
nld,20210107,
nld,20210108,
nld,20210109,
nld,20210110,
nld,20210111,
nld,20210112,
nld,20210113,
nld,20210114,
nld,20210115,
nld,20210116,
nld,20210117,
nld,20210118,
nld,20210119,
nld,20210120,
nld,20210121,
nld,20210122,
nld,20210123,
nld,20210124,
nld,20210125,
nld,20210126,
nld,20210127,
nld,20210128,
nld,20210129,
nld,20210130,
nld,20210131,
nld,20210201,
nld,20210202,
nld,20210203,
nld,20210204,
nld,20210205,
nld,20210206,
nld,20210207,
nld,20210208,
nld,20210209,
nld,20210210,
nld,20210211,
nld,20210212,
nld,20210213,
nld,20210214,
nld,20210215,
nld,20210216,
nld,20210217,
nld,20210218,
nld,20210219,
nld,20210220,
nld,20210221,
nld,20210222,
nld,20210223,
nld,20210224,
nld,20210225,
nld,20210226,
nld,20210227,
nld,20210228,
nld,20210301,
nld,20210302,
nld,20210303,
nld,20210304,
nld,20210305,
nld,20210306,
nld,20210307,
nld,20210308,
nld,20210309,
nld,20210310,
nld,20210311,
nld,20210312,
nld,20210313,
nld,20210314,
nld,20210315,
nld,20210316,
nld,20210317,
nld,20210318,
nld,20210319,
nld,20210320,
nld,20210321,
nld,20210322,
nld,20210323,
nld,20210324,
nld,20210325,
nld,20210326,
nld,20210327,
nld,20210328,
nld,20210329,
nld,20210330,
nld,20210331,
nld,20210401,
nld,20210402,
nld,20210403,
nld,20210404,
nld,20210405,
nld,20210406,
nld,20210407,
nld,20210408,
nld,20210409,
nld,20210410,
nld,20210411,
nld,20210412,
nld,20210413,
nld,20210414,
nld,20210415,
nld,20210416,
nld,20210417,
nld,20210418,
nld,20210419,
nld,20210420,
nld,20210421,
nld,20210422,
nld,20210423,
nld,20210424,
nld,20210425,
nld,20210426,
nld,20210427,
nld,20210428,
nld,20210429,
nld,20210430,
nld,20210501,
nld,20210502,
nld,20210503,
nld,20210504,
nld,20210505,
nld,20210506,
nld,20210507,
nld,20210508,
nld,20210509,
nld,20210510,
nld,20210511,
nld,20210512,
nld,20210513,
nld,20210514,
nld,20210515,
nld,20210516,
nld,20210517,
nld,20210518,
nld,20210519,
nld,20210520,
nld,20210521,
nld,20210522,
nld,20210523,
nld,20210524,
nld,20210525,
nld,20210526,
nld,20210527,
nld,20210528,
nld,20210529,
nld,20210530,
nld,20210531,
nld,20210601,
nld,20210602,
nld,20210603,
nld,20210604,
nld,20210605,
nld,20210606,
nld,20210607,
nld,20210608,
nld,20210609,
nld,20210610,
nld,20210611,
nld,20210612,
nld,20210613,
nld,20210614,
nld,20210615,
nld,20210616,
nld,20210617,
nld,20210618,
nld,20210627,
nld,20210628,
nld,20210629,
nld,20210630,
nld,20210701,
nld,20210702,
nld,20210703,
nld,20210704,
nld,20210705,
nld,20210706,
nld,20210707,
nld,20210708,
nld,20210709,
nld,20210710,
nld,20210711,
nld,20210712,
nld,20210713,
nld,20210714,
nld,20210715,
nld,20210716,
nld,20210717,
nld,20210718,
nld,20210719,
nld,20210720,
nld,20210721,
nld,20210722,
nld,20210723,
nld,20210724,
nld,20210725,
nld,20210726,
nld,20210727,
nld,20210728,
nld,20210729,
nld,20210730,
nld,20210731,
nld,20210801,
nld,20210802,
nld,20210803,
nld,20210804,
nld,20210805,
nld,20210806,
nld,20210807,
nld,20210808,
nld,20210809,
nld,20210810,
nld,20210811,
nld,20210812,
nld,20210813,
nld,20210814,
nld,20210815,
nld,20210816,
nld,20210817,
nld,20210818,
nld,20210819,
nld,20210820,
nld,20210821,
nld,20210822,
nld,20210823,
nld,20210824,
nld,20210825,
nld,20210826,
nld,20210827,
nld,20210828,
nld,20210829,
nld,20210830,
nld,20210831,
nld,20210901,
nld,20210902,
nld,20210903,
nld,20210904,
nld,20210905,
nld,20210906,
nld,20210907,
nld,20210908,
nld,20210909,
nld,20210910,
nld,20210911,
nld,20210912,
nld,20210913,
nld,20210914,
nld,20210915,
nld,20210916,
nld,20210917,
nld,20210918,
nld,20210919,
nld,20210920,
nld,20210921,
nld,20210922,
nld,20210923,
nld,20210924,
nld,20210925,
nld,20210926,
nld,20210927,
nld,20210928,
nld,20210929,
nld,20210930,
nld,20211001,
nld,20211002,
nld,20211003,
nld,20211004,
nld,20211005,
nld,20211006,
nld,20211007,
nld,20211008,
nld,20211009,
nld,20211010,
nld,20211011,
nld,20211012,
nld,20211013,
nld,20211014,
nld,20211015,
nld,20211016,
nld,20211017,
nld,20211018,
nld,20211019,
nld,20211020,
nld,20211021,
nld,20211022,
nld,20211023,
nld,20211024,
nld,20211025,
nld,20211026,
nld,20211027,
nld,20211028,
nld,20211029,
nld,20211030,
nld,20211031,
nld,20211101,
nld,20211102,
nld,20211103,
nld,20211104,
nld,20211105,
nld,20211106,
nld,20211107,
nld,20211108,
nld,20211109,
nld,20211110,
nld,20211111,
nld,20211112,
nld,20211113,
nld,20211114,
nld,20211115,
nld,20211116,
nld,20211117,
nld,20211118,
nld,20211119,
nld,20211120,
nld,20211121,
nld,20211122,
nld,20211123,
nld,20211124,
nld,20211125,
nld,20211126,
nld,20211127,
nld,20211128,
nld,20211129,
nld,20211130,
nld,20211201,
nld,20211202,
nld,20211203,
nld,20211204,
nld,20211205,
nld,20211206,
nld,20211207,
nld,20211208,
nld,20211209,
nld,20211210,
nld,20211211,
nld,20211212,
nld,20211213,
nld,20211214,
nld,20211215,
nld,20211216,
nld,20211217,
nld,20211218,
nld,20211219,
nld,20211220,
nld,20211221,
nld,20211222,
nld,20211223,
nld,20211224,
nld,20211225,
nld,20211226,
nld,20211227,
nld,20211228,
nld,20211229,
nld,20211230,
nld,20211231,
nld,20220101,
nld,20220102,
nld,20220103,
nld,20220104,
nld,20220105,
nld,20220106,
nld,20220107,
nld,20220108,
nld,20220109,
nld,20220110,
nld,20220111,
nld,20220112,
nor,20200301,
nor,20200308,
nor,20200315,
nor,20200322,
nor,20200329,
nor,20200405,
nor,20200412,
nor,20200419,
nor,20200426,
nor,20200503,
nor,20200510,
nor,20200517,
nor,20200524,
nor,20200531,
nor,20200607,
nor,20200614,
nor,20200621,
nor,20200628,
nor,20200705,
nor,20200712,
nor,20200719,
nor,20200726,
nor,20200802,
nor,20200809,
nor,20200816,
nor,20200823,
nor,20200830,
nor,20200906,
nor,20200913,
nor,20200920,
nor,20200927,
nor,20201004,
nor,20201011,
nor,20201018,
nor,20201025,
nor,20201101,
nor,20201108,
nor,20201115,
nor,20201122,
nor,20201129,
nor,20201206,
nor,20201213,
nor,20201220,
nor,20201227,
nor,20210103,
nor,20210110,
nor,20210117,
nor,20210124,
nor,20210131,
nor,20210207,
nor,20210214,
nor,20210221,
nor,20210228,
nor,20210307,
nor,20210314,
nor,20210321,
nor,20210328,
nor,20210404,
nor,20210411,
nor,20210418,
nor,20210425,
nor,20210502,
nor,20210509,
nor,20210516,
nor,20210523,
nor,20210530,
nor,20210606,
nor,20210613,
nor,20210620,
nor,20210627,
nor,20210704,
nor,20210711,
nor,20210718,
nor,20210725,
nor,20210801,
nor,20210808,
nor,20210815,
nor,20210822,
nor,20210829,
nor,20210905,
nor,20210912,
nor,20210919,
nor,20210926,
nor,20211003,
nor,20211010,
nor,20211017,
nor,20211024,
nor,20211031,
nor,20211107,
nor,20211114,
nor,20211121,
nor,20211128,
nor,20211205,
nor,20211212,
nor,20211219,
nor,20211226,
nor,20220102,
svn,20200322,
svn,20200329,
svn,20200405,
svn,20200412,
svn,20200419,
svn,20200426,
svn,20200503,
svn,20200510,
svn,20200517,
svn,20200524,
svn,20200531,
svn,20200607,
svn,20200614,
svn,20200621,
svn,20200628,
svn,20200705,
svn,20200712,
svn,20200719,
svn,20200726,
svn,20200802,
svn,20200809,
svn,20200816,
svn,20200823,
svn,20200830,
svn,20200906,
svn,20200913,
svn,20200920,
svn,20200927,
svn,20201004,
svn,20201011,
svn,20201018,
svn,20201025,
svn,20201101,
svn,20201108,
svn,20201115,
svn,20201122,
svn,20201129,
svn,20201206,
svn,20201213,
svn,20201220,
svn,20201227,
svn,20210103,
svn,20210110,
svn,20210117,
svn,20210124,
svn,20210131,
svn,20210207,
svn,20210214,
svn,20210221,
svn,20210228,
svn,20210307,
svn,20210314,
svn,20210321,
svn,20210328,
svn,20210404,
svn,20210411,
svn,20210418,
svn,20210425,
svn,20210502,
svn,20210509,
svn,20210516,
svn,20210523,
svn,20210530,
svn,20210606,
svn,20210613,
svn,20210620,
svn,20210627,
svn,20210704,
svn,20210711,
svn,20210718,
svn,20210725,
svn,20210801,
svn,20210808,
svn,20210815,
svn,20210822,
svn,20210829,
svn,20210905,
svn,20210912,
svn,20210919,
svn,20210926,
svn,20211003,
svn,20211010,
svn,20211017,
svn,20211024,
svn,20211031,
svn,20211107,
svn,20211114,
svn,20211121,
svn,20211128,
svn,20211205,
svn,20211212,
svn,20211219,
svn,20211226,
svn,20220102,
